#,Tipo,Género literário,Título,Passo do texto,Nome,Posição,Número,Sexo,Natureza,Dimensão,Anatomia,Órgãos,Qualificativo,Ação,Grupo de causas,Causa,Quando,Onde,Latitude,Longitude,Como,Intenção,Nome_1,Sexo_1,Qualificativo_1,Nome_2,Sexo_2,Qualificativo_2,Objeto,Valor,Tipo de sobrenatural,PP.,Observações
1,Textual,Crónicas e historiografia,IV.ª Crónica Breve,ElRey dom Affom que filhou Toledo. Aos mouros,Dom Afonso,Ativo,Individual,Masc.,Humana,Corpo,Corpo,Corpo (integral),Rei,Conquistar,Políticas,Conquista,Não aplicável,Toledo,39.8628° N,-4.0273° W,Não aplicável,Profano,Mouros,Mult.,Não aplicável,Não aplicável,N,Não aplicável,Não aplicável,Literal,Não aplicável,139,Alinhar de acordo com o que vem acima?
2,Textual,Crónicas e historiografia,IV.ª Crónica Breve,casou ssa filha com o conde dom Enrrique,Dom Afonso,Ativo,Individual,Masc.,Humana,Corpo,Corpo,Corpo (integral),Rei,Casar,Políticas,Matrimónio,Não aplicável,Galiza,43.0092° N,-7.5563° W,Não aplicável,Sagrado,Teresa; Henrique,Mult.,Filha do rei; conde,Não aplicável,N,Não aplicável,Não aplicável,Literal,Não aplicável,139,
3,Textual,Crónicas e historiografia,IV.ª Crónica Breve,que veo a Ssantiago Em Romaria,Henrique,Ativo,Individual,Masc.,Humana,Corpo,Membros,Pernas,Conde,Ir,Religiosas,Peregrinação,Não aplicável,Santiago de Compostela,42.8782° N,-8.5448° W,Em romaria,Sagrado,Não aplicável,N,Não aplicável,Não aplicável,N,Não aplicável,Não aplicável,Literal,Não aplicável,139,
4,Textual,Crónicas e historiografia,IV.ª Crónica Breve,E daly foy o conde dom Enrrique Senhor de Purtugal. E de Galiza fora de Trastamara,Henrique,Ativo,Individual,Masc.,Humana,Corpo,Corpo,Corpo (integral),Conde,Assenhorear,Políticas,Matrimónio,Não aplicável,Portugal; Galiza,42.6077° N, -7.3434° W,Por casamento,Profano,Não aplicável,N,Não aplicável,Não aplicável,N,Não aplicável,Não aplicável,Literal,Não aplicável,140,
5,Textual,Crónicas e historiografia,IV.ª Crónica Breve,… fora de Trastamara que nom pode auer,Henrique,Ativo,Individual,Masc.,Humana,Corpo,Corpo,Corpo (integral),Conde,Ter,Políticas,Não aplicável,Não aplicável,Não aplicável,,,Negativo,Profano,Não aplicável,N,Não aplicável,Não aplicável,N,Não aplicável,Não aplicável,Literal,Não aplicável,140,
6,Textual,Crónicas e historiografia,IV.ª Crónica Breve,Este conde ouue mujtas fazendas com mouros E com leonesses,Henrique,Ativo,Individual,Masc.,Humana,Corpo,Corpo,Corpo (integral),Conde,Ter fazendas,Políticas,Interesse,Não aplicável,Não aplicável,,,Não aplicável,Profano,Mouros; leoneses,Mult.,Não aplicável,Não aplicável,N,Não aplicável,Não aplicável,Literal,Não aplicável,140,
7,Textual,Crónicas e historiografia,IV.ª Crónica Breve,E moreo este conde dom Anrrique,Henrique,Ativo,Individual,Masc.,Humana,Corpo,Corpo,Corpo (integral),Conde,Morrer,Funerárias,Morte,Dois meses e cinco dias antes do prazo estipulado para o aprazamento de Leão,Astorga,42.4595° N,-6.0589° W,Não aplicável,Profano,Não aplicável,N,Não aplicável,Não aplicável,N,Não aplicável,Não aplicável,Literal,Não aplicável,140,
8,Textual,Crónicas e historiografia,IV.ª Crónica Breve,E tijnha aprazada a villa de Leom que sse a quatro messes lhes nom acorresse ho emperador que fosse ssua com ssas perteeças,Henrique,Ativo,Individual,Masc.,Humana,Corpo,Corpo,Corpo (integral),Conde,Tomar cidade,Políticas,Conquista,Não aplicável,Leão,42.5987° N,-5.5671° W,Não aplicável,Profano,Não aplicável,N,Não aplicável,Não aplicável,N,Não aplicável,Não aplicável,Literal,Não aplicável,140,
9,Textual,Crónicas e historiografia,IV.ª Crónica Breve,… lhes nom acorresse ho emperador,Imperador,Ativo,Individual,Masc.,Humana,Corpo,Corpo,Corpo (integral),Não aplicável,Socorrer,Políticas,Conquista,Num prazo de quatro meses,Leão,42.5987° N,-5.5671° W,Não aplicável,Profano,Habitantes de Leão,Mult.,Não aplicável,Não aplicável,N,Não aplicável,Não aplicável,Literal,Não aplicável,140,
10,Textual,Crónicas e historiografia,IV.ª Crónica Breve,E ante que moresse chamou seu filho dom Affomso Anrrique,Henrique,Ativo,Individual,Masc.,Humana,Corpo,Cabeça,Boca,Não aplicável,Chamar,Sociais,Morte,Antes de morrer,Astorga,42.4595° N,-6.0589° W,Não aplicável,Profano,Afonso Henriques,Masc.,Filho de Henrique,Não aplicável,N,Não aplicável,Não aplicável,Literal,Não aplicável,140,
11,Textual,Crónicas e historiografia,IV.ª Crónica Breve,… E disselhe,Henrique,Ativo,Individual,Masc.,Humana,Corpo,Cabeça,Boca,Não aplicável,Dizer,Sociais,Morte,Antes de morrer,Astorga,42.4595° N,-6.0589° W,Não aplicável,Profano,Afonso Henriques,Masc.,Filho de Henrique,Não aplicável,N,Não aplicável,Não aplicável,Literal,Não aplicável,140,
12,Textual,Crónicas e historiografia,IV.ª Crónica Breve,toda esta terra que te eu lheixo deEstorga ataa alem de CoJmbra…,Henrique,Ativo,Individual,Masc.,Humana,Corpo,Corpo,Corpo (integral),Não aplicável,Deixar,Políticas,Sucessão,Ao morrer,Astorga,42.4595° N,-6.0589° W,Herdando,Profano,Afonso Henriques,Masc.,Filho de Henrique,Não aplicável,N,Não aplicável,Não aplicável,Literal,Não aplicável,140,
13,Textual,Crónicas e historiografia,IV.ª Crónica Breve,… nom percas ende huum palmo…,Afonso Henriques,Ativo,Individual,Masc.,Humana,Corpo,Corpo,Corpo (integral),Filho de Henrique,Manter,Políticas,Conquista,Não aplicável,Astorga,42.4595° N,-6.0589° W,Negativo,Profano,Não aplicável,N,Não aplicável,Não aplicável,N,Não aplicável,Não aplicável,Literal,Não aplicável,140,
14,Textual,Crónicas e historiografia,IV.ª Crónica Breve,… qua eu a gaanhey,Henrique,Ativo,Individual,Masc.,Humana,Corpo,Corpo,Corpo (integral),Não aplicável,Ganhar,Políticas,Conquista,Não aplicável,Astorga,42.4595° N,-6.0589° W,Não aplicável,Profano,Não aplicável,N,Não aplicável,Não aplicável,N,Não aplicável,Não aplicável,Literal,Não aplicável,140,
15,Textual,Crónicas e historiografia,IV.ª Crónica Breve,E filho toma do meu coraçam alguum tanto que seJas esforcado,Afonso Henriques,Passivo,Individual,Masc.,Humana,Corpo,Tronco,Coração,Filho de Henrique,Esforçar,Políticas,Governação,Não aplicável,Astorga,42.4595° N,-6.0589° W,Seguindo o exemplo do pai,Profano,Não aplicável,N,Não aplicável,Não aplicável,N,Não aplicável,Não aplicável,Literal,Não aplicável,140,
16,Textual,Crónicas e historiografia,IV.ª Crónica Breve,e sey conpanheiro a filhos dalgo,Afonso Henriques,Passivo,Individual,Masc.,Humana,Corpo,Corpo,Corpo (integral),Filho de Henrique,Acompanhar,Políticas,Justiça,Não aplicável,Astorga,42.4595° N,-6.0589° W,Não aplicável,Profano,Fidalgos,Masc.,Não aplicável,Não aplicável,N,Não aplicável,Não aplicável,Literal,Não aplicável,140,
17,Textual,Crónicas e historiografia,IV.ª Crónica Breve,E dalhes todos seus direitos,Afonso Henriques,Passivo,Individual,Masc.,Humana,Corpo,Corpo,Corpo (integral),Filho de Henrique,Outorgar,Políticas,Justiça,Não aplicável,Astorga,42.4595° N,-6.0589° W,Não aplicável,Profano,Fidalgos,Masc.,Não aplicável,Não aplicável,N,Não aplicável,Não aplicável,Literal,Não aplicável,140,
18,Textual,Crónicas e historiografia,IV.ª Crónica Breve,E aos conçelhos fazelhes honrra,Afonso Henriques,Passivo,Individual,Masc.,Humana,Corpo,Cabeça,Cérebro,Filho de Henrique,Honrar,Políticas,Justiça,Não aplicável,Astorga,42.4595° N,-6.0589° W,Não aplicável,Profano,Conçelhos,N,Não aplicável,Não aplicável,N,Não aplicável,Não aplicável,Literal,Não aplicável,140,
19,Textual,Crónicas e historiografia,IV.ª Crónica Breve,E a guissa como aJam direitos asi os grandes como os pequenos,Afonso Henriques,Passivo,Coletivo,Mult.,Humana,Corpo,Corpo,Corpo (integral),Não aplicável,Ter direitos,Políticas,Justiça,Não aplicável,Astorga,42.4595° N,-6.0589° W,Não aplicável,Profano,Não aplicável,N,Não aplicável,Afonso Henriques,Masc.,Não aplicável,Não aplicável,Literal,Não aplicável,140,
20,Textual,Crónicas e historiografia,IV.ª Crónica Breve,E por Rogo nem por cobijça nom lheixes a fazer Justiça,Afonso Henriques,Passivo,Individual,Masc.,Humana,Corpo,Corpo,Corpo (integral),Não aplicável,Justiçar,Políticas,Rogo; cobiça,Não aplicável,Astorga,42.4595° N,-6.0589° W,Não aplicável,Profano,Grandes; pequenos,Mult.,Não aplicável,Não aplicável,N,Não aplicável,Não aplicável,Literal,Não aplicável,140,
21,Textual,Crónicas e historiografia,IV.ª Crónica Breve,ca sse huum dia leixares de fazer Justiça huum palmo logo em houtro dia se arredara de ti h?a braça de teu corraçom,Afonso Henriques,Passivo,Individual,Masc.,Humana,Corpo,Tronco,Coração,Não aplicável,Infringir,Políticas,Injustiça,Não aplicável,Astorga,42.4595° N,-6.0589° W,Não aplicável,Profano,Não aplicável,N,Não aplicável,Não aplicável,N,Não aplicável,Não aplicável,Simbólico,Não aplicável,140,
22,Textual,Crónicas e historiografia,IV.ª Crónica Breve,meu filho tem senpre Justiça em teu coraçam,Afonso Henriques,Passivo,Individual,Masc.,Humana,Corpo,Tronco,Coração,Filho de Henrique,Justiçar,Políticas,Justiça,Sempre,Astorga,42.4595° N,-6.0589° W,Não aplicável,Profano,Não aplicável,N,Não aplicável,Não aplicável,N,Não aplicável,Não aplicável,Literal,Não aplicável,140,
23,Textual,Crónicas e historiografia,IV.ª Crónica Breve,E aueras Deus E as Jentes,Afonso Henriques,Passivo,Individual,Masc.,Humana,Corpo,Corpo,Corpo (integral),Filho de Henrique,Ter,Políticas,Justiça,Sempre,Astorga,42.4595° N,-6.0589° W,Não aplicável,Profano,Deus; gentes,Mult.,Não aplicável,Não aplicável,N,Não aplicável,Não aplicável,Literal,Não aplicável,140,
24,Textual,Crónicas e historiografia,IV.ª Crónica Breve,E nom consentas em nem hu?a guissa que teus homeens sejam soberuos nem atreuudos em mall,Afonso Henriques,Passivo,Individual,Masc.,Humana,Corpo,Cabeça,Cérebro,Filho de Henrique,Proibir,Políticas,Justiça,Não aplicável,Astorga,42.4595° N,-6.0589° W,Não aplicável,Profano,Homens,Masc.,De Afonso Henriques; soberbos; atrevidos,Não aplicável,N,Não aplicável,Não aplicável,Literal,Não aplicável,140,
25,Textual,Crónicas e historiografia,IV.ª Crónica Breve,ca tu perderias per taees coussas ho teu boo preço se o nom uedasses,Afonso Henriques,Passivo,Individual,Masc.,Humana,Corpo,Cabeça,Cérebro,Não aplicável,Proibir,Políticas,Injustiça,Não aplicável,Astorga,42.4595° N,-6.0589° W,Má conduta dos seus homens,Profano,Não aplicável,N,Não aplicável,Não aplicável,N,Não aplicável,Não aplicável,Literal,Não aplicável,140,
26,Textual,Crónicas e historiografia,IV.ª Crónica Breve,… se o nom uedasses,Afonso Henriques,Passivo,Individual,Masc.,Humana,Corpo,Cabeça,Boca,Não aplicável,Vedar,Políticas,Justiça,Não aplicável,Astorga,42.4595° N,-6.0589° W,Não aplicável,Profano,Não aplicável,N,Não aplicável,Homens,Masc.,De Afonso Henriques,Não aplicável,Literal,Não aplicável,140,
27,Textual,Crónicas e historiografia,IV.ª Crónica Breve,E cha <ma> agora os dEstorga,Afonso Henriques,Passivo,Individual,Masc.,Humana,Corpo,Cabeça,Boca,Não aplicável,Chamar,Políticas,Comunicação,Agora,Astorga,42.4595° N,-6.0589° W,Não aplicável,Profano,Habitantes de Estorga,Mult.,Não aplicável,Não aplicável,N,Não aplicável,Não aplicável,Literal,Não aplicável,140,
28,Textual,Crónicas e historiografia,IV.ª Crónica Breve,E mandartey fazer a menagem dos da uilla,Henrique,Ativo,Individual,Masc.,Humana,Corpo,Cabeça,Boca,Não aplicável,Mandar,Políticas,Sucessão,Não aplicável,Astorga,42.4595° N,-6.0589° W,Não aplicável,Profano,Habitantes de Estorga,Mult.,Não aplicável,Afonso Henriques,Masc.,Não aplicável,Não aplicável,Literal,Não aplicável,140,"""Fazer a menagem"" significa qui renovar o contrato de vassalagem com o herdeiro do suserano"
29,Textual,Crónicas e historiografia,IV.ª Crónica Breve,fazer a menagem dos da uilla,Habitantes de Estorga,Ativo,Coletivo,Mult.,Humana,Corpo,Cabeça,Boca,Não aplicável,Ser-lhe mandando fazer menagem,Políticas,Sucessão,Não aplicável,Astorga,42.4595° N,-6.0589° W,Não aplicável,Profano,Afonso Henriques,Masc.,Não aplicável,Não aplicável,N,Não aplicável,Não aplicável,Literal,Não aplicável,140,"""Fazer a menagem"" significa qui renovar o contrato de vassalagem com o herdeiro do suserano"
30,Textual,Crónicas e historiografia,IV.ª Crónica Breve,<E logo te torna>,Afonso Henriques,Passivo,Individual,Masc.,Humana,Corpo,Membros,Pernas,Não aplicável,Regressar,Políticas,Sucessão,Logo,Astorga,42.4595° N,-6.0589° W,Não aplicável,Profano,Não aplicável,N,Não aplicável,Não aplicável,N,Não aplicável,Não aplicável,Literal,Não aplicável,140,
31,Textual,Crónicas e historiografia,IV.ª Crónica Breve,E nom na perderas,Afonso Henriques,Passivo,Individual,Masc.,Humana,Corpo,Corpo,Corpo (integral),Não aplicável,Conservar,Políticas,Conquista,Não aplicável,Astorga,42.4595° N,-6.0589° W,Não aplicável,Profano,Não aplicável,N,Não aplicável,Não aplicável,N,Não aplicável,Não aplicável,Literal,Não aplicável,140,
32,Textual,Crónicas e historiografia,IV.ª Crónica Breve,ca daquy comquistaras ho al adiante,Afonso Henriques,Passivo,Individual,Masc.,Humana,Corpo,Corpo,Corpo (integral),Não aplicável,Conquistar,Políticas,Conquista,Não aplicável,Astorga,42.4595° N,-6.0589° W,Não aplicável,Profano,Não aplicável,N,Não aplicável,Não aplicável,N,Não aplicável,Não aplicável,Literal,Não aplicável,140,
33,Textual,Crónicas e historiografia,IV.ª Crónica Breve,E manda a meus Vassalos que me leuem <a> soterar a Santa Maria de Bragaa que eu poborey,Afonso Henriques,Passivo,Individual,Masc.,Humana,Corpo,Cabeça,Boca,Não aplicável,Mandar,Sociais,Morte,Não aplicável,Astorga,41.5503° N,-8.4201° W,Não aplicável,Profano,Vassalos de Henrique,Masc.,Não aplicável,Henrique,N,Morto,Não aplicável,Literal,Não aplicável,140,
34,Textual,Crónicas e historiografia,IV.ª Crónica Breve,… que me leuem…,Vassalos de Henrique,Passivo,Coletivo,Masc.,Humana,Corpo,Corpo,Corpo (integral),Não aplicável,Levar,Sociais,Morte,Não aplicável,Astorga,41.5503° N,-8.4201° W,Não aplicável,Sagrado,Henrique,Masc.,Morto,Não aplicável,N,Não aplicável,Não aplicável,Literal,Não aplicável,140,
35,Textual,Crónicas e historiografia,IV.ª Crónica Breve,… a soterar,Vassalos de Henrique,Passivo,Coletivo,Masc.,Humana,Corpo,Corpo,Corpo (integral),Não aplicável,Soterrar,Sociais,Morte,Não aplicável,Astorga,41.5503° N,-8.4201° W,Não aplicável,Sagrado,Henrique,Masc.,Morto,Não aplicável,N,Não aplicável,Não aplicável,Literal,Não aplicável,140,
36,Textual,Crónicas e historiografia,IV.ª Crónica Breve,morreo o conde dom Enrrique,Henrique,Passivo,Individual,Masc.,Humana,Corpo,Corpo,Corpo (integral),Conde,Morrer,Sociais,Morte,Não aplicável,Astorga,42.4595° N,-6.0589° W,Não aplicável,Profano,Não aplicável,N,Não aplicável,Não aplicável,N,Não aplicável,Não aplicável,Literal,Não aplicável,140,
37,Textual,Crónicas e historiografia,IV.ª Crónica Breve,… como ho leuassem,Vassalos,Ativo,Coletivo,Mult.,Humana,Corpo,Corpo,Corpo (integral),Não aplicável,Levar,Sociais,Morte,Depois da morte do conde,Astorga,41.5503° N,-8.4201° W,Não aplicável,Sagrado,Henrique,Masc.,Morto,Não aplicável,N,Não aplicável,Não aplicável,Literal,Não aplicável,140,
38,Textual,Crónicas e historiografia,IV.ª Crónica Breve,E dissy perguntou Affomso Enrriquez os vassalos,Afonso Henriques,Ativo,Individual,Masc.,Humana,Corpo,Cabeça,Boca,Não aplicável,Perguntar,Sociais,Incerteza,Depois da morte do conde,Astorga,42.4595° N,-6.0589° W,Não aplicável,Profano,Vassalos,Masc.,Não aplicável,Não aplicável,N,Não aplicável,Não aplicável,Literal,Não aplicável,140,
39,Textual,Crónicas e historiografia,IV.ª Crónica Breve,… sse hiria com seu pay…,Afonso Henriques,Ativo,Individual,Masc.,Humana,Corpo,Membros,Pernas,Não aplicável,Ir,Sociais,Morte,Não aplicável,Astorga,41.5503° N,-8.4201° W,Não aplicável,Profano,Não aplicável,N,Não aplicável,Henrique,Masc.,Morto,Não aplicável,Literal,Não aplicável,140,
40,Textual,Crónicas e historiografia,IV.ª Crónica Breve,… ou sse fiquaria,Afonso Henriques,Ativo,Individual,Masc.,Humana,Corpo,Corpo,Corpo (integral),Não aplicável,Ficar,Sociais,Sucessão,Não aplicável,Astorga,42.4595° N,-6.0589° W,Não aplicável,Profano,Não aplicável,N,Não aplicável,Não aplicável,N,Não aplicável,Não aplicável,Literal,Não aplicável,140,
41,Textual,Crónicas e historiografia,IV.ª Crónica Breve,E elles disserom que fosse com seu padre,Vassalos,Ativo,Coletivo,Masc.,Humana,Corpo,Cabeça,Boca,Não aplicável,Dizer,Sociais,Morte,Não aplicável,Astorga,,,Não aplicável,Profano,Afonso Henriques,Masc.,Não aplicável,Henrique,Masc.,Morto,Não aplicável,Literal,Não aplicável,140,
42,Textual,Crónicas e historiografia,IV.ª Crónica Breve,E o honrrasse,Afonso Henriques,Passivo,Individual,Masc.,Humana,Corpo,Cabeça,Cérebro,Não aplicável,Honrar,Sociais,Morte,Não aplicável,Astorga,41.5503° N,-8.4201° W,Não aplicável,Profano,Henrique,Masc.,Pai de Afonso Henriques,Não aplicável,N,Não aplicável,Não aplicável,Literal,Não aplicável,140,
43,Textual,Crónicas e historiografia,IV.ª Crónica Breve,E nom se temesse nada da terra,Afonso Henriques,Passivo,Individual,Masc.,Humana,Corpo,Cabeça,Cérebro,Não aplicável,Destemer,Políticas,Ausência,Não aplicável,Astorga,,,Não aplicável,Profano,Não aplicável,N,Não aplicável,Não aplicável,N,Não aplicável,Não aplicável,Literal,Não aplicável,140,
44,Textual,Crónicas e historiografia,IV.ª Crónica Breve,E Affomso Enriquez foi soterar o padre a Braga,Afonso Henriques,Ativo,Individual,Masc.,Humana,Corpo,Corpo,Corpo (integral),Não aplicável,Sepultar,Sociais,Morte,Não aplicável,Santa Maria de Braga,41.5503° N,-8.4201° W,Não aplicável,Sagrado,Henrique,N,Morto,Não aplicável,N,Não aplicável,Não aplicável,Literal,Não aplicável,140,
45,Textual,Crónicas e historiografia,IV.ª Crónica Breve,E termente com ell <foy> soterrar o padre filharom lhr aqua toda a terra de Leon que ell tijnha por sua mais non lhe filharom Galiza qua nom poderom,Inimigos,Ativo,Coletivo,Masc.,Humana,Corpo,Corpo,Corpo (integral),Não aplicável,Apropriar,Políticas,Conquista,Enquanto Afonso fora sepultar o pai,Leão,42.5987° N,-5.5671° W,Não aplicável,Profano,Afonso Henriques,Masc.,Ausente,Não aplicável,N,Não aplicável,Não aplicável,Literal,Não aplicável,140,
46,Textual,Crónicas e historiografia,IV.ª Crónica Breve,despois desto o mandou desafiar ho emperador,Imperador,Ativo,Individual,Masc.,Humana,Corpo,Corpo,Corpo (integral),Não aplicável,Desafiar,Políticas,Conquista,Depois,Não aplicável,,,Não aplicável,Profano,Afonso Henriques,Masc.,Não aplicável,Não aplicável,N,Não aplicável,Não aplicável,Literal,Não aplicável,140,
47,Textual,Crónicas e historiografia,IV.ª Crónica Breve,E tornoulheseu amor,Afonso Henriques,Ativo,Individual,Masc.,Humana,Corpo,Corpo,Corpo (integral),Não aplicável,Pacificar,Políticas,Paz,Depois,Não aplicável,,,Não aplicável,Profano,Imperador,Masc.,Não aplicável,Não aplicável,N,Não aplicável,Não aplicável,Literal,Não aplicável,140,Afonso Henriques e o Imperador acordam pôr fim às hostilidades
48,Textual,Crónicas e historiografia,IV.ª Crónica Breve,estonçes foisse ele pera Portugal,Afonso Henriques,Ativo,Individual,Masc.,Humana,Corpo,Membros,Pernas,Não aplicável,Ir,Políticas,Fuga,Não aplicável,Portugal,39.9048° N,-8.6002° W,Não aplicável,Profano,Não aplicável,N,Não aplicável,Não aplicável,N,Não aplicável,Não aplicável,Literal,Não aplicável,140,
49,Textual,Crónicas e historiografia,IV.ª Crónica Breve,E nom achou hu sse colher,Afonso Henriques,Ativo,Individual,Masc.,Humana,Corpo,Corpo,Corpo (integral),Não aplicável,Recolher,Políticas,Revolta,Não aplicável,Portugal,39.9048° N,-8.6002° W,Negativo,Profano,Não aplicável,N,Não aplicável,Não aplicável,N,Não aplicável,Não aplicável,Literal,Não aplicável,140,
50,Textual,Crónicas e historiografia,IV.ª Crónica Breve,… hu sse colher,Afonso Henriques,Ativo,Individual,Masc.,Humana,Corpo,Corpo,Corpo (integral),Não aplicável,Recolher,Políticas,Fuga,Não aplicável,Portugal,39.9048° N,-8.6002° W,Não aplicável,Profano,Não aplicável,N,Não aplicável,Não aplicável,N,Não aplicável,Não aplicável,Literal,Não aplicável,140,
51,Textual,Crónicas e historiografia,IV.ª Crónica Breve,ca toda a terra selhe leuantou co a madre,Teresa,Ativo,Coletivo,Mult.,Humana,Corpo,Corpo,Corpo (integral),Não aplicável,Revoltar,Políticas,Revolta,Não aplicável,Portugal,39.9048° N,-8.6002° W,Em revolta,Profano,Afonso Henriques,Masc.,Não aplicável,Não aplicável,N,Não aplicável,Não aplicável,Literal,Não aplicável,140,
52,Textual,Crónicas e historiografia,IV.ª Crónica Breve,E a madre cassousse co o conde dom Ffernando de Trastamara,Teresa,Ativo,Individual,Fem.,Humana,Corpo,Corpo,Corpo (integral),Mãe de Afonso Henriques ,Casar,Políticas,Matrimónio,Não aplicável,Elvas,38.8819° N,-7.1624° W,Não aplicável,Sagrado,Fernando de Trastamara,Masc.,Conde; melhor homem de Espanha que rei não fosse,Não aplicável,N,Não aplicável,Não aplicável,Literal,Não aplicável,140,
53,Textual,Crónicas e historiografia,IV.ª Crónica Breve,Affomso Enrriquez tomou dous castellos a ssa madre,Afonso Henriques,Ativo,Individual,Masc.,Humana,Corpo,Corpo,Corpo (integral),Não aplicável,Tomar,Políticas,Conquista,Não aplicável,Nenha; Feira,40.9183° N, -8.5448° W,Não aplicável,Profano,Teresa,Fem.,Mãe,Não aplicável,N,Não aplicável,Não aplicável,Literal,Não aplicável,140,
54,Textual,Crónicas e historiografia,IV.ª Crónica Breve,guereou elle muy Rijamente seu padrasto,Afonso Henriques,Ativo,Individual,Masc.,Humana,Corpo,Corpo,Corpo (integral),Não aplicável,Guerrear,Políticas,Conquista,Não aplicável,Nenha; Feira,40.9183° N, -8.5448° W,Rijamnete,Profano,Fernando de Trastamara,Masc.,Padrasto,Não aplicável,N,Não aplicável,Não aplicável,Literal,Não aplicável,140,
55,Textual,Crónicas e historiografia,IV.ª Crónica Breve,E dise ho conde dom Ffernando Affomso Anrriquez,Fernando de Trastamara,Ativo,Individual,Masc.,Humana,Corpo,Cabeça,Boca,Conde,Dizer,Políticas,Desafio,Não aplicável,Não aplicável,,,Não aplicável,Profano,Afonso Henriques,Masc.,Não aplicável,Não aplicável,N,Não aplicável,Não aplicável,Literal,Não aplicável,140,
56,Textual,Crónicas e historiografia,IV.ª Crónica Breve,Nom andemos neeste preito vamos huum dia a fazenda,Fernando de Trastamara,Ativo,Individual,Masc.,Humana,Corpo,Corpo,Corpo (integral),Conde,Viajar,Políticas,Revolta,Não aplicável,Não aplicável,,,Negativo,Profano,Não aplicável,N,Não aplicável,Afonso Henriques,Masc.,Não aplicável,Não aplicável,Literal,Não aplicável,140,
57,Textual,Crónicas e historiografia,IV.ª Crónica Breve,Ca ou sairemos nos de Portugal ou uos,Fernando de Trastamara; Teresa,Ativo,Coletivo,Mult.,Humana,Corpo,Membros,Pernas,Não aplicável,Sair,Políticas,Desafio,Depois da contenda,Portugal,39.8054° N,-8.5972° W,Não aplicável,Profano,Não aplicável,N,Não aplicável,Afonso Henriques,Masc.,Não aplicável,Não aplicável,Literal,Não aplicável,140,
58,Textual,Crónicas e historiografia,IV.ª Crónica Breve,E Respondeu Affomso Anrriquez…,Afonso Henriques,Ativo,Individual,Masc.,Humana,Corpo,Cabeça,Boca,Não aplicável,Responder,Políticas,Desafio,Não aplicável,Não aplicável,,,Não aplicável,Profano,Fernando de Trastamara,Masc.,Conde,Não aplicável,N,Não aplicável,Não aplicável,Literal,Não aplicável,140,
59,Textual,Crónicas e historiografia,IV.ª Crónica Breve,… e disse,Afonso Henriques,Ativo,Individual,Masc.,Humana,Corpo,Cabeça,Boca,Não aplicável,Dizer,Políticas,Desafio,Não aplicável,Não aplicável,,,Não aplicável,Profano,Fernando de Trastamara,Masc.,Conde,Não aplicável,N,Não aplicável,Não aplicável,Literal,Não aplicável,140,
60,Textual,Crónicas e historiografia,IV.ª Crónica Breve,Conde pesse a Deus porque uos me queredes sacar da terra de meu padre,Deus,Passivo,Individual,Masc.,Sobrenatural,Transcendental,Cabeça,Cérebro,Não aplicável,Pesar,Religiosas,Vontade divina,Não aplicável,Não aplicável,,,Não aplicável,Sagrado,Não aplicável,N,Não aplicável,Fernando de Trastamara,Masc.,Conde,Não aplicável,Literal,Não aplicável,140,
61,Textual,Crónicas e historiografia,IV.ª Crónica Breve,uos me queredes sacar da terra de meu padre,Fernando de Trastamara,Passivo,Individual,Masc.,Humana,Corpo,Corpo,Corpo (integral),Conde,Sacar (furtar),Políticas,Interesse,Não aplicável,Portugal,39.8054° N,-8.5972° W,Não aplicável,Profano,Afonso Henriques,Masc.,Não aplicável,Henrique,Masc.,Pai de Afonso Henriques,Não aplicável,Literal,Não aplicável,140,
62,Textual,Crónicas e historiografia,IV.ª Crónica Breve,E a madre disse emtom,Teresa,Ativo,Individual,Fem.,Humana,Corpo,Cabeça,Boca,Mãe de Afonso Henriques ,Dizer,Políticas,Revolta,Então,Não aplicável,,,Não aplicável,Profano,Não aplicável,N,Não aplicável,Não aplicável,N,Não aplicável,Não aplicável,Literal,Não aplicável,140,
63,Textual,Crónicas e historiografia,IV.ª Crónica Breve,mjnha he a terra E mjnha seera ca meu padre ElRey dom Affomso ma leixou,Teresa,Ativo,Individual,Fem.,Humana,Corpo,Corpo,Corpo (integral),Não aplicável,Ter,Políticas,Sucessão,Presente e futuro,Portugal,39.8054° N,-8.5972° W,Herdando,Profano,Não aplicável,N,Não aplicável,Dom Afonso,Masc.,Rei; pai de Teresa,Não aplicável,Literal,Não aplicável,140,
64,Textual,Crónicas e historiografia,IV.ª Crónica Breve,meu padre ElRey dom Affomso ma leixou,Dom Afonso,Ativo,Individual,Masc.,Humana,Corpo,Corpo,Corpo (integral),Rei,Deixar,Políticas,Sucessão,Não aplicável,Portugal,39.8054° N,-8.5972° W,Herdando,Profano,Teresa,Fem.,Não aplicável,Não aplicável,N,Não aplicável,Não aplicável,Literal,Não aplicável,140,
65,Textual,Crónicas e historiografia,IV.ª Crónica Breve,E o conde disse entom a ella,Fernando de Trastamara,Ativo,Individual,Masc.,Humana,Corpo,Cabeça,Boca,Conde,Dizer,Políticas,Revolta,Então,Portugal,39.8054° N,-8.5972° W,Não aplicável,Profano,Teresa,Fem.,Não aplicável,Não aplicável,N,Não aplicável,Não aplicável,Literal,Não aplicável,140,
66,Textual,Crónicas e historiografia,IV.ª Crónica Breve,ou hiredes vos migo a Galiza,Teresa,Passivo,Individual,Fem.,Humana,Corpo,Membros,Pernas,Não aplicável,Ir,Políticas,Revolta,Não aplicável,Galiza,43.0092° N,-7.5563° W,Com Fernando,Profano,Não aplicável,N,Não aplicável,Não aplicável,N,Não aplicável,Não aplicável,Literal,Não aplicável,141,
67,Textual,Crónicas e historiografia,IV.ª Crónica Breve,ou leixaredes a terra a uosso filho,Teresa,Passivo,Individual,Fem.,Humana,Corpo,Corpo,Corpo (integral),Não aplicável,Legar,Políticas,Revolta,Não aplicável,Portugal,39.8054° N,-8.5972° W,Não aplicável,Profano,Afonso Henriques,Masc.,Filho de Teresa,Não aplicável,N,Não aplicável,Não aplicável,Literal,Não aplicável,141,
68,Textual,Crónicas e historiografia,IV.ª Crónica Breve,se mais poder ca nos,Afonso Henriques,Ativo,Individual,Masc.,Humana,Corpo,Corpo,Corpo (integral),Filho de Teresa,Poder,Políticas,Revolta,Não aplicável,Portugal,39.8054° N,-8.5972° W,Mais,Profano,Não aplicável,N,Não aplicável,Fernando de Trastamara; Teresa,Mult.,Não aplicável,Não aplicável,Literal,Não aplicável,141,
69,Textual,Crónicas e historiografia,IV.ª Crónica Breve,E veerom aa fazenda em Guimaraaes,Fernando de Trastamara; Teresa,Passivo,Coletivo,Mult.,Humana,Corpo,Membros,Pernas,Não aplicável,Vir,Políticas,Revolta,Não aplicável,Guimarães,41.4416° N,-8.2950° W,Não aplicável,Profano,Não aplicável,N,Não aplicável,Não aplicável,N,Não aplicável,Não aplicável,Literal,Não aplicável,141,
70,Textual,Crónicas e historiografia,IV.ª Crónica Breve,E disse a Rajnha,Teresa,Ativo,Individual,Fem.,Humana,Corpo,Cabeça,Boca,Rainha,Dizer,Políticas,Revolta,Não aplicável,Guimarães,41.4416° N,-8.2950° W,Não aplicável,Profano,Fernando de Trastamara,Masc.,Conde,Não aplicável,N,Não aplicável,Não aplicável,Literal,Não aplicável,141,
71,Textual,Crónicas e historiografia,IV.ª Crónica Breve,conde uosco quero entrar nas azaas,Teresa,Ativo,Individual,Fem.,Humana,Corpo,Cabeça,Cérebro,Rainha,Querer,Políticas,Revolta,Não aplicável,Guimarães,41.4416° N,-8.2950° W,Não aplicável,Profano,Não aplicável,N,Não aplicável,Não aplicável,N,Não aplicável,Não aplicável,Literal,Não aplicável,141,
72,Textual,Crónicas e historiografia,IV.ª Crónica Breve,… entrar nas azaas,Teresa,Ativo,Individual,Fem.,Humana,Corpo,Corpo,Corpo (integral),Rainha,Alar,Políticas,Revolta,Não aplicável,Guimarães,41.4416° N,-8.2950° W,Guerreando,Profano,Não aplicável,N,Não aplicável,Não aplicável,N,Não aplicável,Não aplicável,Literal,Não aplicável,141,"""Entrar nas asas"", ou seja, entrar na batalha"
73,Textual,Crónicas e historiografia,IV.ª Crónica Breve,E aueredes que fazer pollo meu amor,Fernando de Trastamara,Ativo,Individual,Masc.,Humana,Corpo,Corpo,Corpo (integral),Conde,Provar,Sociais,Amor,Não aplicável,Guimarães,41.4416° N,-8.2950° W,Não aplicável,Profano,Teresa,Fem.,Não aplicável,Teresa,Fem.,Não aplicável,Não aplicável,Literal,Não aplicável,141,
74,Textual,Crónicas e historiografia,IV.ª Crónica Breve,prendede Afomso Anrriquez meu filho ca mjlhor poder teendes ca elle,Fernando de Trastamara,Passivo,Individual,Masc.,Humana,Corpo,Corpo,Corpo (integral),Com mais poder do que Afonso Henriques,Aprisionar,Políticas,Revolta,Não aplicável,Guimarães,41.4416° N,-8.2950° W,Pela força,Profano,Afonso Henriques,Masc.,Filho de Teresa,Não aplicável,N,Não aplicável,Não aplicável,Literal,Não aplicável,141,
75,Textual,Crónicas e historiografia,IV.ª Crónica Breve,A fazenda foi fecta e foi aRinguado Afomso Anrriquez E foi muy maltreiro,Afonso Henriques,Passivo,Individual,Masc.,Humana,Corpo,Corpo,Corpo (integral),Não aplicável,Maltratar,Políticas,Derrota,Não aplicável,Guimarães (São Mamede),41.4354° N,8.2986° W,Guerreando,Profano,Não aplicável,N,Não aplicável,Não aplicável,N,Não aplicável,Não aplicável,Literal,Não aplicável,141,
76,Textual,Crónicas e historiografia,IV.ª Crónica Breve,achousse com Soeiro Meendez maaos da gea que o vijnha aJudar,Afonso Henriques,Ativo,Individual,Masc.,Humana,Corpo,Corpo,Corpo (integral),Maltratado,Encontrar,Políticas,Fuga,Não aplicável,Guimarães (São Mamede),41.4354° N,8.2986° W,Não aplicável,Profano,Soeiro Mendes,Masc.,Mãos de «gea»,Não aplicável,N,Não aplicável,Não aplicável,Literal,Não aplicável,141,Mãos de gea: talvez mãos de águia? Alcunha conhecida de Soeiro Mendes
77,Textual,Crónicas e historiografia,IV.ª Crónica Breve,que o vijnha aJudar. E na fazenda,Soeiro Mendes,Ativo,Individual,Masc.,Humana,Corpo,Corpo,Corpo (integral),Não aplicável,Auxilio militar,Políticas,Lealdade,Não aplicável,Guimarães (São Mamede),41.4354° N,8.2986° W,Militarmente,Profano,Afonso Henriques,Masc.,Maltratado,Não aplicável,N,Não aplicável,Não aplicável,Literal,Não aplicável,141,
78,Textual,Crónicas e historiografia,IV.ª Crónica Breve,Edisselhe,Soeiro Mendes,Ativo,Individual,Masc.,Humana,Corpo,Cabeça,Boca,Não aplicável,Dizer,Políticas,Comunicação,Não aplicável,Guimarães (São Mamede),41.4354° N,8.2986° W,Não aplicável,Profano,Afonso Henriques,Masc.,Maltratado,Não aplicável,N,Não aplicável,Não aplicável,Literal,Não aplicável,141,
79,Textual,Crónicas e historiografia,IV.ª Crónica Breve,como vijndes. Senhor,Afonso Henriques,Passivo,Individual,Masc.,Humana,Corpo,Membros,Pernas,Maltratado,Vir,Políticas,Fuga,Não aplicável,Guimarães (São Mamede),41.4354° N,8.2986° W,Não aplicável,Profano,Não aplicável,N,Não aplicável,Não aplicável,N,Não aplicável,Não aplicável,Literal,Não aplicável,141,
80,Textual,Crónicas e historiografia,IV.ª Crónica Breve,asi Respondeo. Affomso Enrriquez,Afonso Henriques,Ativo,Individual,Masc.,Humana,Corpo,Cabeça,Boca,Maltratado,Responder,Políticas,Comunicação,Não aplicável,Guimarães (São Mamede),41.4354° N,8.2986° W,Não aplicável,Profano,Soeiro Mendes,Masc.,Não aplicável,Não aplicável,N,Não aplicável,Não aplicável,Literal,Não aplicável,141,
81,Textual,Crónicas e historiografia,IV.ª Crónica Breve,venho muy mall ca me aRinquou meu padrasto E mjnha madre que esta na fazenda com elle,Afonso Henriques,Ativo,Individual,Masc.,Humana,Corpo,Membros,Pernas,Maltratado,Vir,Políticas,Derrota,Não aplicável,Guimarães (São Mamede),41.4354° N,8.2986° W,Muito mal,Profano,Não aplicável,N,Não aplicável,Não aplicável,N,Não aplicável,Não aplicável,Literal,Não aplicável,141,
82,Textual,Crónicas e historiografia,IV.ª Crónica Breve,E Ssoeiro Meendez lhe disse,Soeiro Mendes,Ativo,Individual,Masc.,Humana,Corpo,Cabeça,Boca,Não aplicável,Dizer,Políticas,Agnição,Não aplicável,Guimarães (São Mamede),41.4354° N,8.2986° W,Não aplicável,Profano,Afonso Henriques,Masc.,Maltratado,Não aplicável,N,Não aplicável,Não aplicável,Literal,Não aplicável,141,
83,Textual,Crónicas e historiografia,IV.ª Crónica Breve,nom fezestes sisso que aa batalha fostes sem mjm,Afonso Henriques,Passivo,Individual,Masc.,Humana,Corpo,Cabeça,Cérebro,Não aplicável,Ter siso,Políticas,Imprudência,Antes da batalha,Guimarães (São Mamede),41.4354° N,8.2986° W,Negativo,Profano,Não aplicável,N,Não aplicável,Não aplicável,N,Não aplicável,Não aplicável,Literal,Não aplicável,141,
84,Textual,Crónicas e historiografia,IV.ª Crónica Breve,aa batalha fostes sem sjm,Afonso Henriques,Passivo,Individual,Masc.,Humana,Corpo,Corpo,Corpo (integral),Sem siso,Combater,Políticas,Imprudência,Não aplicável,Guimarães (São Mamede),41.4354° N,8.2986° W,Sem Soeiro Mendes,Profano,Não aplicável,N,Não aplicável,Soeiro Mendes,Masc.,Não aplicável,Não aplicável,Literal,Não aplicável,141,
85,Textual,Crónicas e historiografia,IV.ª Crónica Breve,mais tornadeuos comjgo,Afonso Henriques,Passivo,Individual,Masc.,Humana,Corpo,Corpo,Corpo (integral),Não aplicável,Regressar,Políticas,Confronto,Não aplicável,Guimarães (São Mamede),41.4354° N,8.2986° W,Com Soeiro Mendes,Profano,Não aplicável,N,Não aplicável,Soeiro Mendes,Masc.,Não aplicável,Não aplicável,Simbólico,Não aplicável,141,
86,Textual,Crónicas e historiografia,IV.ª Crónica Breve,E prenderemos uosso padrasto E uossa madre co elle,Afonso Henriques; Soeiro Mendes,Passivo,Coletivo,Masc.,Humana,Corpo,Corpo,Corpo (integral),Não aplicável,Planear prender,Políticas,Revolta,Não aplicável,Guimarães (São Mamede),41.4354° N,8.2986° W,Não aplicável,Profano,Fernando de Trastamara; Teresa,Mult.,Padrasto; mãe,Não aplicável,N,Não aplicável,Não aplicável,Literal,Não aplicável,141,
87,Textual,Crónicas e historiografia,IV.ª Crónica Breve,e ell disse Deus agisse que seia assim,Afonso Henriques,Passivo,Individual,Masc.,Humana,Corpo,Cabeça,Boca,Não aplicável,Dizer,Religiosas,Rogo,Não aplicável,Guimarães (São Mamede),41.4354° N,8.2986° W,Não aplicável,Profano,Soeiro Mendes,Masc.,Não aplicável,Deus,Masc.,Não aplicável,Não aplicável,Literal,Não aplicável,141,
88,Textual,Crónicas e historiografia,IV.ª Crónica Breve,Deus agisse que seia assim,Deus,Ativo,Individual,Masc.,Sobrenatural,Transcendental,Corpo,Corpo,Não aplicável,Ação de Deus,Religiosas,Vontade divina,Não aplicável,Guimarães (São Mamede),41.4354° N,8.2986° W,Não aplicável,Sagrado,Não aplicável,N,Não aplicável,Não aplicável,N,Não aplicável,Não aplicável,Literal,Não aplicável,141,
89,Textual,Crónicas e historiografia,IV.ª Crónica Breve,E Ssoeiro Meendez lhe disse,Soeiro Mendes,Ativo,Individual,Masc.,Humana,Corpo,Cabeça,Boca,Não aplicável,Dizer,Políticas,Confiança,Não aplicável,Guimarães (São Mamede),41.4354° N,8.2986° W,Não aplicável,Profano,Afonso Henriques,Masc.,Não aplicável,Não aplicável,N,Não aplicável,Não aplicável,Literal,Não aplicável,141,
90,Textual,Crónicas e historiografia,IV.ª Crónica Breve,vos verees que asi seera,Afonso Henriques,Passivo,Individual,Masc.,Humana,Corpo,Cabeça,Olhos,Não aplicável,Compreender,Políticas,Vitória,Não aplicável,Guimarães (São Mamede),41.4354° N,8.2986° W,Não aplicável,Profano,Não aplicável,N,Não aplicável,Não aplicável,N,Não aplicável,Não aplicável,Literal,Não aplicável,141,
91,Textual,Crónicas e historiografia,IV.ª Crónica Breve,E tornousse entonçes com ell <a Bragaa> a batalha,Soeiro Mendes,Ativo,Individual,Masc.,Humana,Corpo,Membros,Pernas,Não aplicável,Retornar,Políticas,Revolta,Não aplicável,Guimarães (São Mamede),41.4354° N,8.2986° W,Com Afonso Henriques,Profano,Não aplicável,N,Não aplicável,Afonso Henriques,Masc.,Não aplicável,Não aplicável,Literal,Não aplicável,141,
92,Textual,Crónicas e historiografia,IV.ª Crónica Breve,E uençeoa,Afonso Henriques,Ativo,Individual,Masc.,Humana,Corpo,Corpo,Corpo (integral),Não aplicável,Vencer,Políticas,Vitória,Não aplicável,Guimarães (São Mamede),41.4354° N,8.2986° W,Não aplicável,Profano,Não aplicável,N,Não aplicável,Não aplicável,N,Não aplicável,Não aplicável,Literal,Não aplicável,141,
93,Textual,Crónicas e historiografia,IV.ª Crónica Breve,E prendeo seu padrasto. E sua madre,Afonso Henriques,Ativo,Individual,Masc.,Humana,Corpo,Corpo,Corpo (integral),Não aplicável,Aprisionar,Políticas,Revolta,Não aplicável,Guimarães (São Mamede),41.4354° N,8.2986° W,Não aplicável,Profano,Fernando de Trastamara; Teresa,Mult.,Não aplicável,Não aplicável,N,Não aplicável,Não aplicável,Literal,Não aplicável,141,
94,Textual,Crónicas e historiografia,IV.ª Crónica Breve,E o conde cuidou aa sseer morto,Fernando de Trastamara,Ativo,Individual,Masc.,Humana,Corpo,Cabeça,Cérebro,Conde,Temer morrer,Sociais,Derrota,Depois de preso,Guimarães (São Mamede),41.4354° N,8.2986° W,Não aplicável,Profano,Não aplicável,N,Não aplicável,Não aplicável,N,Não aplicável,Não aplicável,Literal,Não aplicável,141,
95,Textual,Crónicas e historiografia,IV.ª Crónica Breve,E fez lhe preito e menaJem que nunca entrasse em Purtugal,Fernando de Trastamara,Ativo,Individual,Masc.,Humana,Corpo,Cabeça,Boca,Conde,Jurar,Políticas,Revolta,Depois de preso,Não aplicável,,,Não aplicável,Profano,Afonso Henriques,Masc.,Não aplicável,Não aplicável,N,Não aplicável,Não aplicável,Literal,Não aplicável,141,
96,Textual,Crónicas e historiografia,IV.ª Crónica Breve,nunca entrasse em Purtugal,Fernando de Trastamara,Ativo,Individual,Masc.,Humana,Corpo,Membros,Pernas,Conde,Invadir,Políticas,Exílio,Nunca,Portugal,39.8054° N,-8.5972° W,Não aplicável,Profano,Não aplicável,N,Não aplicável,Não aplicável,N,Não aplicável,Não aplicável,Literal,Não aplicável,141,
97,Textual,Crónicas e historiografia,IV.ª Crónica Breve,E disi foisse pera terra dultra mar,Fernando de Trastamara,Ativo,Individual,Masc.,Humana,Corpo,Corpo,Corpo (integral),Conde,Ir,Políticas,Exílio,Não aplicável,Gumarães,41.4416° N,8.2928° W,Não aplicável,Profano,Não aplicável,N,Não aplicável,Não aplicável,N,Não aplicável,Não aplicável,Literal,Não aplicável,141,
98,Textual,Crónicas e historiografia,IV.ª Crónica Breve,E Affomso Anrriquez emtom emtom meteo ssa madre em feros,Afonso Henriques,Ativo,Individual,Masc.,Humana,Corpo,Membros,Mãos,Não aplicável,Aprisionar,Políticas,Encarceramento,Então,Gumarães,41.4416° N,8.2928° W,Não aplicável,Profano,Teresa,Fem.,Mãe,Não aplicável,N,Não aplicável,Ferros,Literal,Não aplicável,141,
99,Textual,Crónicas e historiografia,IV.ª Crónica Breve,Ella quando vio que aasi prendja a madre,Teresa,Ativo,Individual,Fem.,Humana,Corpo,Cabeça,Olhos,Não aplicável,Compreender,Políticas,Encarceramento,Ao ser presa,Gumarães,41.4416° N,8.2928° W,Não aplicável,Profano,Não aplicável,N,Não aplicável,Afonso Henriques,Masc.,Não aplicável,Não aplicável,Literal,Não aplicável,141,
100,Textual,Crónicas e historiografia,IV.ª Crónica Breve,disse Afomso Anrriquiz meu filho prendestes me,Teresa,Ativo,Individual,Fem.,Humana,Corpo,Cabeça,Boca,Presa,Dizer,Políticas,Encarceramento,Ao ser presa,Gumarães,41.4416° N,8.2928° W,Não aplicável,Profano,Afonso Henriques,Masc.,Filho de Teresa,Não aplicável,N,Não aplicável,Não aplicável,Literal,Não aplicável,141,
101,Textual,Crónicas e historiografia,IV.ª Crónica Breve,… prendestes me,Afonso Henriques,Ativo,Individual,Masc.,Humana,Corpo,Corpo,Corpo (integral),Filho de Teresa,Aprisionar,Políticas,Revolta,Não aplicável,Gumarães,41.4416° N,8.2928° W,Acorrentando,Profano,Teresa,Fem.,Não aplicável,Não aplicável,N,Não aplicável,Não aplicável,Literal,Não aplicável,141,
102,Textual,Crónicas e historiografia,IV.ª Crónica Breve,E metestes me em feros,Afonso Henriques,Ativo,Individual,Masc.,Humana,Corpo,Membros,Mãos,Filho de Teresa,Aprisionar,Políticas,Encarceramento,Não aplicável,Gumarães,41.4416° N,8.2928° W,Não aplicável,Profano,Teresa,Fem.,Não aplicável,Não aplicável,N,Não aplicável,Ferros,Literal,Não aplicável,141,
103,Textual,Crónicas e historiografia,IV.ª Crónica Breve,E deserdastes me da terra que me leixou meu padre,Afonso Henriques,Ativo,Individual,Masc.,Humana,Corpo,Corpo,Corpo (integral),Filho de Teresa,Deserdar,Políticas,Revolta,Não aplicável,Gumarães,41.4416° N,8.2928° W,Forçosamente,Profano,Teresa,Fem.,Não aplicável,Não aplicável,N,Não aplicável,Não aplicável,Literal,Não aplicável,141,
104,Textual,Crónicas e historiografia,IV.ª Crónica Breve,terra que me leixou meu padre,Dom Afonso,Ativo,Individual,Masc.,Humana,Corpo,Corpo,Corpo (integral),Pai de Teresa,Legar,Políticas,Sucessão,Não aplicável,Gumarães,41.4416° N,8.2928° W,Não aplicável,Profano,Teresa,Fem.,Não aplicável,Não aplicável,N,Não aplicável,Não aplicável,Literal,Não aplicável,141,
105,Textual,Crónicas e historiografia,IV.ª Crónica Breve,E quitastes me dou marido,Afonso Henriques,Passivo,Individual,Masc.,Humana,Corpo,Corpo,Corpo (integral),Filho de Teresa,Divorciar,Políticas,Revolta,Não aplicável,Gumarães,41.4416° N,8.2928° W,Não aplicável,Profano,Teresa,Fem.,Não aplicável,Fernando de Trastamara,Masc.,Marido de Teresa,Não aplicável,Literal,Não aplicável,141,
106,Textual,Crónicas e historiografia,IV.ª Crónica Breve,rrogo a Deus que presso sejades asi como eu soo E porque me metestes nos meus pees feras quebrantadas sejam as tas pernas com feros,Teresa,Ativo,Individual,Fem.,Humana,Corpo,Cabeça,Boca,Não aplicável,Rogar,Religiosas,Vingança,Não aplicável,Gumarães,41.4416° N,8.2928° W,Não aplicável,Profano,Deus,Masc.,Não aplicável,Afonso Henriques,Masc.,Filho de Teresa,Não aplicável,Literal,Maravilhoso,141,
107,Textual,Crónicas e historiografia,IV.ª Crónica Breve,… presso sejades…,Afonso Henriques,Passivo,Individual,Masc.,Humana,Corpo,Corpo,Corpo (integral),Não aplicável,Aprisionar,Políticas,Vingança,Futuro,Gumarães,41.4416° N,8.2928° W,Não aplicável,Profano,Não aplicável,N,Não aplicável,Não aplicável,N,Não aplicável,Não aplicável,Literal,Não aplicável,141,
108,Textual,Crónicas e historiografia,IV.ª Crónica Breve,… me metestes nos meus pees feras…,Afonso Henriques,Passivo,Individual,Masc.,Humana,Corpo,Membros,Pés,Não aplicável,Aprisionar,Políticas,Encarceramento,Quando a prendeu,Gumarães,41.4416° N,8.2928° W,Não aplicável,Profano,Teresa,Fem.,Não aplicável,Não aplicável,N,Não aplicável,Ferros,Literal,Não aplicável,141,
109,Textual,Crónicas e historiografia,IV.ª Crónica Breve,… quebrantadas sejam as tas pernas com feros,Afonso Henriques,Passivo,Individual,Masc.,Humana,Corpo,Membros,Pernas,Não aplicável,Aprisionar,Políticas,Vingança,Futuro,Gumarães,41.4416° N,8.2928° W,Com ferros,Profano,Não aplicável,N,Não aplicável,Não aplicável,N,Não aplicável,Ferros,Literal,Maravilhoso,141,
110,Textual,Crónicas e historiografia,IV.ª Crónica Breve,E mande Deus que sse conpra esto,Deus,Ativo,Individual,Masc.,Sobrenatural,Transcendental,Cabeça,Boca,Não aplicável,Cumprir,Religiosas,Vontade divina,Não aplicável,Gumarães,41.4416° N,8.2928° W,Não aplicável,Sagrado,Não aplicável,N,Não aplicável,Não aplicável,N,Não aplicável,Não aplicável,Literal,Não aplicável,141,
111,Textual,Crónicas e historiografia,IV.ª Crónica Breve,E ella emviousse logo querelar ao emperador de Castela que Era seu sobrinho que lhe acorresse,Teresa,Ativo,Individual,Fem.,Humana,Corpo,Corpo,Corpo (integral),Não aplicável,Enviar,Políticas,Encarceramento,Logo,Gumarães,41.4416° N,8.2928° W,Não aplicável,Profano,Imperador de Castela,Masc.,Sobrinho de Teresa,Não aplicável,N,Não aplicável,Não aplicável,Literal,Não aplicável,141,
112,Textual,Crónicas e historiografia,IV.ª Crónica Breve,… que lhe acorresse,Imperador de Castela,Ativo,Individual,Masc.,Humana,Corpo,Corpo,Corpo (integral),Sobrinho de Teresa,Acorrer,Políticas,Encarceramento,Não aplicável,Gumarães,41.4416° N,8.2928° W,Invadindo,Profano,Teresa,Fem.,Não aplicável,Não aplicável,N,Não aplicável,Não aplicável,Literal,Não aplicável,141,
113,Textual,Crónicas e historiografia,IV.ª Crónica Breve,E que a ssacasse de prissom,Imperador de Castela,Ativo,Individual,Masc.,Humana,Corpo,Corpo,Corpo (integral),Sobrinho de Teresa,Libertar,Políticas,Encarceramento,Não aplicável,Prisão,41.4416° N,8.2928° W,Invadindo,Profano,Teresa,Fem.,Não aplicável,Não aplicável,N,Não aplicável,Não aplicável,Literal,Não aplicável,141,
114,Textual,Crónicas e historiografia,IV.ª Crónica Breve,E que ouuesse todo Portugal por seu,Imperador de Castela,Ativo,Individual,Masc.,Humana,Corpo,Corpo,Corpo (integral),Sobrinho de Teresa,Possuir,Políticas,Conquista,Não aplicável,Gumarães,41.4416° N,8.2928° W,Invadindo,Profano,Não aplicável,N,Não aplicável,Não aplicável,N,Não aplicável,Não aplicável,Literal,Não aplicável,141,
115,Textual,Crónicas e historiografia,IV.ª Crónica Breve,E os putugesses todos teuerom com Affomso Anrriquiz,Portugueses,Ativo,Coletivo,Mult.,Humana,Corpo,Corpo,Corpo (integral),Todos,Apoiar,Políticas,Lealdade,Não aplicável,Portugal,39.8054° N,-8.5972° W,Não aplicável,Profano,Não aplicável,N,Não aplicável,Afonso Henriques,Masc.,Não aplicável,Não aplicável,Literal,Não aplicável,141,
116,Textual,Crónicas e historiografia,IV.ª Crónica Breve,E souberom como se gissaua ho emperador pera vijnr conquerir todo Purtugal,Portugueses,Ativo,Coletivo,Mult.,Humana,Corpo,Cabeça,Cérebro,Todos,Compreender,Políticas,Agnição,Não aplicável,Não aplicável,,,Não aplicável,Profano,Não aplicável,N,Não aplicável,Imperador de Castela,Masc.,Não aplicável,Não aplicável,Literal,Não aplicável,141,
117,Textual,Crónicas e historiografia,IV.ª Crónica Breve,… se guissaua ho emperador…,Imperador de Castela,Ativo,Individual,Masc.,Humana,Corpo,Cabeça,Cérebro,Não aplicável,Gizar,Políticas,Conquista,Não aplicável,Castela,41.6520° N,-4.7286° W,Não aplicável,Profano,Não aplicável,N,Não aplicável,Não aplicável,N,Não aplicável,Não aplicável,Literal,Não aplicável,141,
118,Textual,Crónicas e historiografia,IV.ª Crónica Breve,… pera vijnr conquerir todo Purtugal,Imperador de Castela,Ativo,Individual,Masc.,Humana,Corpo,Corpo,Corpo (integral),Não aplicável,Conquistar,Políticas,Conquista,Não aplicável,Portugal,39.8054° N,-8.5972° W,Não aplicável,Profano,Não aplicável,N,Não aplicável,Não aplicável,N,Não aplicável,Não aplicável,Literal,Não aplicável,141,
119,Textual,Crónicas e historiografia,IV.ª Crónica Breve,E sacar sua tia de prissom,Imperador de Castela,Ativo,Individual,Masc.,Humana,Corpo,Corpo,Corpo (integral),Não aplicável,Sacar,Políticas,Encarceramento,Não aplicável,Prisão,41.4416° N,8.2928° W,Não aplicável,Profano,Teresa,Fem.,Tia do imperador,Não aplicável,N,Não aplicável,Não aplicável,Literal,Não aplicável,141,
120,Textual,Crónicas e historiografia,IV.ª Crónica Breve,E veerom todos muym bem guissados a huum lugar que chamon Valdeuez,Portugueses,Ativo,Coletivo,Masc.,Humana,Corpo,Membros,Pernas,Muito bem gizados,Ir,Políticas,Defesa,Não aplicável,Valdevez,41.8448° N,-8.4181° W,Não aplicável,Profano,Não aplicável,N,Não aplicável,Não aplicável,N,Não aplicável,Não aplicável,Literal,Não aplicável,141,
121,Textual,Crónicas e historiografia,IV.ª Crónica Breve,E armarrom sse ally todos,Portugueses,Ativo,Coletivo,Masc.,Humana,Corpo,Corpo,Corpo (integral),Todos,Armar,Políticas,Defesa,Não aplicável,Valdevez,41.8448° N,-8.4181° W,Não aplicável,Profano,Não aplicável,N,Não aplicável,Não aplicável,N,Não aplicável,Armas,Literal,Não aplicável,141,
122,Textual,Crónicas e historiografia,IV.ª Crónica Breve,E atenderomno hi,Portugueses,Ativo,Coletivo,Masc.,Humana,Corpo,Corpo,Corpo (integral),Todos,Esperar,Políticas,Defesa,Não aplicável,Valdevez,41.8448° N,-8.4181° W,Não aplicável,Profano,Imperador de Castela,Masc.,Não aplicável,Não aplicável,N,Não aplicável,Não aplicável,Literal,Não aplicável,141,
123,Textual,Crónicas e historiografia,IV.ª Crónica Breve,E ueo ho emperador com grande poder,Imperador de Castela,Ativo,Individual,Masc.,Humana,Corpo,Corpo,Corpo (integral),Não aplicável,Ir,Políticas,Conquista,Não aplicável,Valdevez,41.8448° N,-8.4181° W,Com grande poder,Profano,Não aplicável,N,Não aplicável,Não aplicável,N,Não aplicável,Não aplicável,Literal,Não aplicável,141,
124,Textual,Crónicas e historiografia,IV.ª Crónica Breve,E ouuerom a fazenda em Valdeuez,Portugueses; Imperador de Castela,Ativo,Coletivo,Masc.,Humana,Corpo,Corpo,Corpo (integral),Não aplicável,Guerrear,Políticas,Confronto,Não aplicável,Valdevez,41.8448° N,-8.4181° W,Não aplicável,Profano,Não aplicável,N,Não aplicável,Não aplicável,N,Não aplicável,Não aplicável,Literal,Não aplicável,141,
125,Textual,Crónicas e historiografia,IV.ª Crónica Breve,E veençeo Affomso Anrriquiz,Afonso Henriques,Ativo,Individual,Masc.,Humana,Corpo,Corpo,Corpo (integral),Não aplicável,Vencer,Políticas,Vitória,Após a batalha,Valdevez,41.8448° N,-8.4181° W,Não aplicável,Profano,Imperador de Castela,N,Não aplicável,Não aplicável,N,Não aplicável,Não aplicável,Literal,Não aplicável,141,
126,Textual,Crónicas e historiografia,IV.ª Crónica Breve,E o emperador foi ferido em na perna deestra de duas lançadas,Imperador de Castela,Passivo,Individual,Masc.,Humana,Corpo,Membros,Pernas,Não aplicável,Ferir,Políticas,Confronto,Batalha,Valdevez,41.8448° N,-8.4181° W,De duas lançadas,Profano,Não aplicável,N,Não aplicável,Não aplicável,N,Não aplicável,Lanças,Literal,Não aplicável,141,
127,Textual,Crónicas e historiografia,IV.ª Crónica Breve,E foisse da fazenda em caualo branquo. E foisse a Toledo,Imperador de Castela,Ativo,Individual,Masc.,Humana,Corpo,Corpo,Corpo (integral),Não aplicável,Ir,Políticas,Medo,Após a batalha,Toledo,39.8628° N,-4.0273° W,Cavalgando,Profano,Não aplicável,N,Não aplicável,Não aplicável,N,Não aplicável,Cavalo branco,Literal,Não aplicável,141,
128,Textual,Crónicas e historiografia,IV.ª Crónica Breve,por que ouue medo de perder a çidade,Imperador de Castela,Ativo,Individual,Masc.,Humana,Corpo,Cabeça,Cérebro,Não aplicável,Temer,Políticas,Derrota,Não aplicável,Toledo,39.8628° N,-4.0273° W,Não aplicável,Profano,Não aplicável,N,Não aplicável,Não aplicável,N,Não aplicável,Não aplicável,Literal,Não aplicável,141,
129,Textual,Crónicas e historiografia,IV.ª Crónica Breve,… perder a çidade,Imperador de Castela,Ativo,Individual,Masc.,Humana,Corpo,Corpo,Corpo (integral),Não aplicável,Perder,Políticas,Derrota,Não aplicável,Toledo,39.8628° N,-4.0273° W,Militarmente,Profano,Não aplicável,N,Não aplicável,Não aplicável,N,Não aplicável,Não aplicável,Literal,Não aplicável,141,
130,Textual,Crónicas e historiografia,IV.ª Crónica Breve,E prenderom ao emperador em ssa fazenda seis condes E outros caualeiros mujtos,Portugueses,Ativo,Coletivo,Masc.,Humana,Corpo,Corpo,Corpo (integral),Não aplicável,Aprisionar,Políticas,Vitória,Batalha,Valdevez,41.8448° N,-8.4181° W,Não aplicável,Profano,Seis condes; cavaleiros,Masc.,Não aplicável,Imperador de Castela,Masc.,Não aplicável,Não aplicável,Literal,Não aplicável,141,
131,Textual,Crónicas e historiografia,IV.ª Crónica Breve,E matarom lhe mujta gente,Portugueses,Ativo,Coletivo,Masc.,Humana,Corpo,Membros,Mãos,Não aplicável,Matar,Políticas,Confronto,Batalha,Valdevez,41.8448° N,-8.4181° W,Não aplicável,Profano,Muita gente,Masc.,Castelhanos,Imperador de Castela,Masc.,Não aplicável,Não aplicável,Literal,Não aplicável,141,
132,Textual,Crónicas e historiografia,IV.ª Crónica Breve,E Affonso Anrriquiz foisse logo daly,Afonso Henriques,Ativo,Individual,Masc.,Humana,Corpo,Membros,Pernas,Não aplicável,Ir,Políticas,Vitória,Logo,Valdevez,41.8448° N,-8.4181° W,Não aplicável,Profano,Não aplicável,N,Não aplicável,Não aplicável,N,Não aplicável,Não aplicável,Literal,Não aplicável,141,
133,Textual,Crónicas e historiografia,IV.ª Crónica Breve,E gaanhou todo Purtugall per ssas armas,Afonso Henriques,Ativo,Individual,Masc.,Humana,Corpo,Corpo,Corpo (integral),Não aplicável,Ganhar,Políticas,Vitória,Não aplicável,Portugal,39.8054° N,-8.5972° W,Força das armas,Profano,Mouros,Mult.,Não aplicável,Não aplicável,N,Não aplicável,Armas,Literal,Não aplicável,141,
134,Textual,Crónicas e historiografia,IV.ª Crónica Breve,E leuou consigo ssa madre pressa,Afonso Henriques,Ativo,Individual,Masc.,Humana,Corpo,Corpo,Corpo (integral),Não aplicável,Levar,Políticas,Encarceramento,Não aplicável,Portugal,39.8054° N,-8.5972° W,Não aplicável,Profano,Teresa,Fem.,Mãe,Não aplicável,N,Não aplicável,Não aplicável,Literal,Não aplicável,141,
135,Textual,Crónicas e historiografia,IV.ª Crónica Breve,E despois ouue batalha em nos quanpos dOurique. E uençeoa,Afonso Henriques,Ativo,Individual,Masc.,Humana,Corpo,Corpo,Corpo (integral),Não aplicável,Vencer,Políticas,Vitória,Depois,Ourique,37.6316° N,-8.2250° W,Não aplicável,Profano,Mouros,Mult.,Não aplicável,Não aplicável,N,Não aplicável,Não aplicável,Literal,Não aplicável,141,
136,Textual,Crónicas e historiografia,IV.ª Crónica Breve,E des ally em diante se chamou ElRey dom Affomso de Purtugal,Afonso Henriques,Ativo,Individual,Masc.,Humana,Corpo,Cabeça,Boca,Rei,Intitular,Políticas,Vitória,Dali em diante,Não aplicável,,,Não aplicável,Profano,O próprio,Masc.,Rei,Não aplicável,N,Não aplicável,Não aplicável,Literal,Não aplicável,141,
137,Textual,Crónicas e historiografia,IV.ª Crónica Breve,E entom tou por armas as çinquo qujnas,Afonso Henriques,Ativo,Individual,Masc.,Humana,Corpo,Corpo,Corpo (integral),Não aplicável,Adotar,Políticas,Vitória,Então,Não aplicável,,,Não aplicável,Profano,Não aplicável,N,Não aplicável,Não aplicável,N,Não aplicável,Armas; cinco quinas,Literal,Não aplicável,141,
138,Textual,Crónicas e historiografia,IV.ª Crónica Breve,E o appostolico de Rroma ouujo dizer como prendera ssa madre,Papa,Ativo,Individual,Masc.,Humana,Corpo,Cabeça,Orelhas,Apostólico de Roma,Ouvir,Políticas,Agnição,Não aplicável,Roma,41.9028° N,12.4964° E,Não aplicável,Profano,Não aplicável,N,Não aplicável,Afonso Henriques,Masc.,Não aplicável,Não aplicável,Literal,Não aplicável,141,
139,Textual,Crónicas e historiografia,IV.ª Crónica Breve,… prendera ssa madre,Afonso Henriques,Ativo,Individual,Masc.,Humana,Corpo,Corpo,Corpo (integral),Não aplicável,Aprisionar,Políticas,Revolta,Não aplicável,Não aplicável,41.9028° N,12.4964° E,Não aplicável,Profano,Teresa,Fem.,Mãe,Não aplicável,N,Não aplicável,Não aplicável,Literal,Não aplicável,141,
140,Textual,Crónicas e historiografia,IV.ª Crónica Breve,E que a trazia consigo presa,Afonso Henriques,Ativo,Individual,Masc.,Humana,Corpo,Corpo,Corpo (integral),Não aplicável,Levar,Políticas,Encarceramento,Não aplicável,Portugal,41.9028° N,12.4964° E,Não aplicável,Profano,Teresa,Fem.,Mãe,Não aplicável,N,Não aplicável,Não aplicável,Literal,Não aplicável,141,
141,Textual,Crónicas e historiografia,IV.ª Crónica Breve,E mandou-lhe dizer pollo bispo de CoJnbra,Papa,Ativo,Individual,Masc.,Humana,Corpo,Cabeça,Boca,Apostólico de Roma,Mandar,Políticas,Desobediência,Não aplicável,Não aplicável,41.9028° N,12.4964° E,Não aplicável,Profano,Bispo de Coimbra,Masc.,Não aplicável,Afonso Henriques,Masc.,Não aplicável,Não aplicável,Literal,Não aplicável,141,
142,Textual,Crónicas e historiografia,IV.ª Crónica Breve,dizer pollo bispo de CoJnbra,Bispo de Coimbra,Ativo,Individual,Masc.,Humana,Corpo,Cabeça,Boca,Mensageiro,Dizer,Políticas,Desobediência,Não aplicável,Não aplicável,41.9028° N,12.4964° E,Não aplicável,Profano,Afonso Henriques,Masc.,Não aplicável,Teresa,Fem.,Mãe,Não aplicável,Literal,Não aplicável,141,
143,Textual,Crónicas e historiografia,IV.ª Crónica Breve,que ssacasse sa madre de prissom,Afonso Henriques,Passivo,Individual,Masc.,Humana,Corpo,Corpo,Corpo (integral),Não aplicável,Libertar,Políticas,Desobediência,Não aplicável,Prisão,41.4425° N,-8.2966° W,Não aplicável,Profano,Teresa,Fem.,Mãe,Não aplicável,N,Não aplicável,Não aplicável,Literal,Não aplicável,141,
144,Textual,Crónicas e historiografia,IV.ª Crónica Breve,E ssenom que o escumungaria,Papa,Ativo,Individual,Masc.,Humana,Alma,Alma,Alma,Apostólico de Roma,Excomungar,Políticas,Desobediência,Não aplicável,Não aplicável,41.4425° N,-8.2966° W,Não aplicável,Sagrado,Afonso Henriques,Masc.,Não aplicável,Não aplicável,N,Não aplicável,Não aplicável,Literal,Não aplicável,141-142,
145,Textual,Crónicas e historiografia,IV.ª Crónica Breve,E ell disse que a nom sacaria por nenguem,Afonso Henriques,Ativo,Individual,Masc.,Humana,Corpo,Cabeça,Boca,Não aplicável,Dizer,Políticas,Desobediência,Não aplicável,Não aplicável,41.4425° N,-8.2966° W,Não aplicável,Profano,Bispo de Coimbra,Masc.,Não aplicável,Teresa,Fem.,Não aplicável,Não aplicável,Literal,Não aplicável,142,
146,Textual,Crónicas e historiografia,IV.ª Crónica Breve,a nom sacaria por nenguem,Afonso Henriques,Ativo,Individual,Masc.,Humana,Corpo,Corpo,Corpo (integral),Não aplicável,Libertar,Políticas,Desobediência,Não aplicável,Prisão,41.4425° N,-8.2918° W,Negativo,Profano,Teresa,Fem.,Não aplicável,Não aplicável,N,Não aplicável,Não aplicável,Literal,Não aplicável,142,
147,Textual,Crónicas e historiografia,IV.ª Crónica Breve,E o bispo escomungouo,Bispo de Coimbra,Ativo,Individual,Masc.,Humana,Alma,Alma,Alma,Não aplicável,Excomungar,Políticas,Desobediência,Não aplicável,Não aplicável,40.2033° N,8.4103° W,Não aplicável,Sagrado,Afonso Henriques,Masc.,Não aplicável,Não aplicável,N,Não aplicável,Não aplicável,Literal,Não aplicável,142,
148,Textual,Crónicas e historiografia,IV.ª Crónica Breve,disserom a ElRey que era escumungado,Mensageiros,Ativo,Coletivo,Mult.,Humana,Corpo,Cabeça,Boca,Não aplicável,Dizer,Políticas,Desobediência,Manhã,Não aplicável,40.2033° N,8.4103° W,Não aplicável,Profano,Afonso Henriques,Masc.,Excomungado,Não aplicável,N,Não aplicável,Não aplicável,Literal,Não aplicável,142,
149,Textual,Crónicas e historiografia,IV.ª Crónica Breve,ElRey foisse entonçe pera a ssee,Afonso Henriques,Ativo,Individual,Masc.,Humana,Corpo,Membros,Pernas,Não aplicável,Ir,Políticas,Desobediência,Então,Sé de Coimbra,40.2033° N,-8.4103° W,Não aplicável,Profano,Não aplicável,N,Não aplicável,Não aplicável,N,Não aplicável,Não aplicável,Literal,Não aplicável,142,
150,Textual,Crónicas e historiografia,IV.ª Crónica Breve,E meteo todollos conigos na clastra…,Afonso Henriques,Ativo,Individual,Masc.,Humana,Corpo,Corpo,Corpo (integral),Não aplicável,Aprisionar,Políticas,Desobediência,Não aplicável,Claustro,40.2033° N,-8.4103° W,Não aplicável,Profano,Cónegos,Masc.,Todos,Não aplicável,N,Não aplicável,Não aplicável,Literal,Não aplicável,142,
151,Textual,Crónicas e historiografia,IV.ª Crónica Breve,… e disselhes,Afonso Henriques,Ativo,Individual,Masc.,Humana,Corpo,Cabeça,Boca,Não aplicável,Dizer,Políticas,Nomeação episcopal,Não aplicável,Claustro,40.2033° N,-8.4103° W,Não aplicável,Profano,Cónegos,Masc.,Todos,Não aplicável,N,Não aplicável,Não aplicável,Literal,Não aplicável,142,
152,Textual,Crónicas e historiografia,IV.ª Crónica Breve,ante todos vos dademe huum bispo,Cónegos,Passivo,Coletivo,Masc.,Humana,Corpo,Corpo,Corpo (integral),Todos,Nomear,Políticas,Nomeação episcopal,Não aplicável,Claustro,40.2033° N,-8.4103° W,Escolhido entre eles,Profano,Afonso Henriques,Masc.,Não aplicável,Bispo,Masc.,Por escolher,Não aplicável,Literal,Não aplicável,142,
153,Textual,Crónicas e historiografia,IV.ª Crónica Breve,elles diserom. Senhor. bispo auemos E como vos daremos bispo,Cónegos,Ativo,Coletivo,Masc.,Humana,Corpo,Cabeça,Boca,Todos,Dizer,Políticas,Nomeação episcopal,Não aplicável,Claustro,40.2033° N,-8.4103° W,Não aplicável,Profano,Afonso Henriques,Masc.,Não aplicável,Bispo,Masc.,Por escolher,Não aplicável,Literal,Não aplicável,142,
154,Textual,Crónicas e historiografia,IV.ª Crónica Breve,E como vos daremos bispo,Cónegos,Ativo,Coletivo,Masc.,Humana,Corpo,Corpo,Corpo (integral),Todos,Nomear,Políticas,Nomeação episcopal,Não aplicável,Claustro,40.2033° N,-8.4103° W,Não aplicável,Profano,Afonso Henriques,Masc.,Não aplicável,Bispo,Masc.,Por escolher,Não aplicável,Literal,Não aplicável,142,
155,Textual,Crónicas e historiografia,IV.ª Crónica Breve,ElRey lhes disse,Afonso Henriques,Ativo,Individual,Masc.,Humana,Corpo,Cabeça,Boca,Não aplicável,Dizer,Políticas,Nomeação episcopal,Não aplicável,Claustro,40.2033° N,-8.4103° W,Não aplicável,Profano,Cónegos,Masc.,Não aplicável,Não aplicável,N,Não aplicável,Não aplicável,Literal,Não aplicável,142,
156,Textual,Crónicas e historiografia,IV.ª Crónica Breve,esso que uos dizedes nunca aquy seera bispo em todos meus dias,Bispo de Coimbra,Ativo,Individual,Masc.,Humana,Corpo,Corpo,Corpo (integral),Não aplicável,Recusar,Políticas,Nomeação episcopal,Nunca na vida de Afonso Henriques,Sé de Coimbra,40.2033° N,-8.4103° W,Negativo,Sagrado,Não aplicável,N,Não aplicável,Não aplicável,N,Não aplicável,Não aplicável,Literal,Não aplicável,142,
157,Textual,Crónicas e historiografia,IV.ª Crónica Breve,Mais ssaideuos todos polla porta,Cónegos,Passivo,Coletivo,Masc.,Humana,Corpo,Membros,Pernas,Todos,Sair,Políticas,Nomeação episcopal,Não aplicável,Claustro,40.2033° N,-8.4103° W,Pela porta,Profano,Não aplicável,N,Não aplicável,Não aplicável,N,Não aplicável,Porta,Literal,Não aplicável,142,
158,Textual,Crónicas e historiografia,IV.ª Crónica Breve,E eu catarej quall faça bispo,Afonso Henriques,Ativo,Individual,Masc.,Humana,Corpo,Cabeça,Cérebro,Não aplicável,Decidir,Políticas,Nomeação episcopal,Não aplicável,Claustro,40.2033° N,-8.4103° W,Não aplicável,Profano,Cónegos,Masc.,Não aplicável,Não aplicável,N,Não aplicável,Não aplicável,Literal,Não aplicável,142,
159,Textual,Crónicas e historiografia,IV.ª Crónica Breve,ElRey vio vijr huum que Era negro,Afonso Henriques,Ativo,Individual,Masc.,Humana,Corpo,Cabeça,Olhos,Não aplicável,Ver,Políticas,Nomeação episcopal,Não aplicável,Claustro,40.2033° N,-8.4103° W,Não aplicável,Profano,Coleima,Masc.,Negro,Não aplicável,N,Não aplicável,Não aplicável,Literal,Não aplicável,142,
160,Textual,Crónicas e historiografia,IV.ª Crónica Breve,E disselhe,Afonso Henriques,Ativo,Individual,Masc.,Humana,Corpo,Cabeça,Boca,Não aplicável,Dizer,Políticas,Nomeação episcopal,Não aplicável,Claustro,40.2033° N,-8.4103° W,Não aplicável,Profano,Coleima,Masc.,Negro,Não aplicável,N,Não aplicável,Não aplicável,Literal,Não aplicável,142,
161,Textual,Crónicas e historiografia,IV.ª Crónica Breve,E o clérigo lhe disse,Coleima,Ativo,Individual,Masc.,Humana,Corpo,Cabeça,Boca,Clérigo,Dizer,Políticas,Nomeação episcopal,Não aplicável,Claustro,40.2033° N,-8.4103° W,Não aplicável,Profano,Afonso Henriques,Masc.,Não aplicável,Não aplicável,N,Não aplicável,Não aplicável,Literal,Não aplicável,142,
162,Textual,Crónicas e historiografia,IV.ª Crónica Breve,ElRey lhe disse es boo clerigo,Afonso Henriques,Ativo,Individual,Masc.,Humana,Corpo,Cabeça,Boca,Não aplicável,Perguntar,Políticas,Nomeação episcopal,Não aplicável,Claustro,40.2033° N,-8.4103° W,Não aplicável,Profano,Coleima,Masc.,Negro,Não aplicável,N,Não aplicável,Não aplicável,Literal,Não aplicável,142,
163,Textual,Crónicas e historiografia,IV.ª Crónica Breve,Estonçe disse ElRey,Afonso Henriques,Ativo,Individual,Masc.,Humana,Corpo,Cabeça,Boca,Não aplicável,Ordenar,Políticas,Nomeação episcopal,Então,Claustro,40.2033° N,-8.4103° W,Não aplicável,Profano,Coleima,Masc.,Bom clérigo,Não aplicável,N,Não aplicável,Não aplicável,Literal,Não aplicável,142,
164,Textual,Crónicas e historiografia,IV.ª Crónica Breve,tu sseeras o bispo dom Coleima…,Coleima,Passivo,Individual,Masc.,Humana,Corpo,Corpo,Corpo (integral),Bom clérigo,Ordenar,Políticas,Nomeação episcopal,Não aplicável,Sé de Coimbra,40.2033° N,-8.4103° W,Não aplicável,Sagrado,Não aplicável,N,Não aplicável,Não aplicável,N,Não aplicável,Não aplicável,Literal,Não aplicável,142,
165,Textual,Crónicas e historiografia,IV.ª Crónica Breve,… e guissa…,Coleima,Passivo,Individual,Masc.,Humana,Corpo,Cabeça,Cérebro,Bom clérigo,Pensar,Políticas,Nomeação episcopal,Não aplicável,Sé de Coimbra,40.2033° N,-8.4103° W,Não aplicável,Profano,Não aplicável,N,Não aplicável,Não aplicável,N,Não aplicável,Não aplicável,Literal,Não aplicável,142,
166,Textual,Crónicas e historiografia,IV.ª Crónica Breve,… como me digas missa,Coleima,Passivo,Individual,Masc.,Humana,Corpo,Cabeça,Boca,Bom clérigo,Oficiar,Políticas,Nomeação episcopal,Não aplicável,Sé de Coimbra,40.2033° N,-8.4103° W,Não aplicável,Sagrado,Afonso Henriques,Masc.,Não aplicável,Não aplicável,N,Não aplicável,Não aplicável,Literal,Não aplicável,142,
167,Textual,Crónicas e historiografia,IV.ª Crónica Breve,E Respondeo o clerigo,Coleima,Ativo,Individual,Masc.,Humana,Corpo,Cabeça,Boca,Clérigo,Responder,Políticas,Nomeação episcopal,Não aplicável,Claustro,40.2033° N,-8.4103° W,Não aplicável,Profano,Afonso Henriques,Masc.,Não aplicável,Não aplicável,N,Não aplicável,Não aplicável,Literal,Não aplicável,142,
168,Textual,Crónicas e historiografia,IV.ª Crónica Breve,nom soo hordenado como bispo,Coleima,Ativo,Individual,Masc.,Humana,Alma,Alma,Alma,Clérigo,Ordenar,Políticas,Nomeação episcopal,Não aplicável,Sé de Coimbra,40.2033° N,-8.4103° W,Negativo,Sagrado,Não aplicável,N,Não aplicável,Não aplicável,N,Não aplicável,Não aplicável,Literal,Não aplicável,142,
169,Textual,Crónicas e historiografia,IV.ª Crónica Breve,asi vos possa dizer missa,Coleima,Ativo,Individual,Masc.,Humana,Corpo,Cabeça,Boca,Clérigo,Oficiar,Políticas,Nomeação episcopal,Não aplicável,Sé de Coimbra,40.2033° N,-8.4103° W,Negativo,Sagrado,Afonso Henriques,Masc.,Não aplicável,Não aplicável,N,Não aplicável,Não aplicável,Literal,Não aplicável,142,
170,Textual,Crónicas e historiografia,IV.ª Crónica Breve,ElRey lhe disse,Afonso Henriques,Ativo,Individual,Masc.,Humana,Corpo,Cabeça,Boca,Não aplicável,Dizer,Políticas,Nomeação episcopal,Não aplicável,Claustro,40.2033° N,-8.4103° W,Não aplicável,Profano,Coleima,Masc.,Clérigo,Não aplicável,N,Não aplicável,Não aplicável,Literal,Não aplicável,142,
171,Textual,Crónicas e historiografia,IV.ª Crónica Breve,eu te ordeno que me digas missa,Afonso Henriques,Ativo,Individual,Masc.,Humana,Corpo,Cabeça,Boca,Não aplicável,Mandar,Políticas,Nomeação episcopal,Não aplicável,Sé de Coimbra,40.2033° N,-8.4103° W,Não aplicável,Profano,Coleima,Masc.,Clérigo,Não aplicável,N,Não aplicável,Não aplicável,Literal,Não aplicável,142,
172,Textual,Crónicas e historiografia,IV.ª Crónica Breve,E ssenom cortartey A cabeça co esta espada,Afonso Henriques,Ativo,Individual,Masc.,Humana,Corpo,Cabeça,Cabeça,Não aplicável,Decapitar,Políticas,Nomeação episcopal,Não aplicável,Sé de Coimbra,40.2033° N,-8.4103° W,Com a espada,Profano,Coleima,Masc.,Clérigo,Não aplicável,N,Não aplicável,Espada,Literal,Não aplicável,142,
173,Textual,Crónicas e historiografia,IV.ª Crónica Breve,E o clerigo com mendo meteosse na vistimenta,Coleima,Ativo,Individual,Masc.,Humana,Corpo,Corpo,Corpo (integral),Amedrontado,Vestir,Políticas,Nomeação episcopal,Não aplicável,Sé de Coimbra,40.2033° N,-8.4103° W,Não aplicável,Profano,Não aplicável,N,Não aplicável,Não aplicável,N,Não aplicável,Vestimenta,Literal,Não aplicável,142,
174,Textual,Crónicas e historiografia,IV.ª Crónica Breve,E quantou missa,Coleima,Ativo,Individual,Masc.,Humana,Corpo,Cabeça,Boca,Amedrontado,Cantar,Políticas,Nomeação episcopal,Não aplicável,Sé de Coimbra,40.2033° N,-8.4103° W,Não aplicável,Sagrado,Não aplicável,N,Não aplicável,Não aplicável,N,Não aplicável,Não aplicável,Literal,Não aplicável,142,
175,Textual,Crónicas e historiografia,IV.ª Crónica Breve,E esto fecto souberonno em Roma,Cúria romana,Ativo,Coletivo,Mult.,Humana,Corpo,Cabeça,Cérebro,Não aplicável,Agnição,Políticas,Desobediência,Não aplicável,Roma,41.9028° N,12.4964° E,Não aplicável,Profano,Não aplicável,N,Não aplicável,Afonso Henriques,Masc.,Não aplicável,Não aplicável,Literal,Não aplicável,142,
176,Textual,Crónicas e historiografia,IV.ª Crónica Breve,E cuidarom que era ereje,Cúria romana,Ativo,Coletivo,Mult.,Humana,Corpo,Cabeça,Cérebro,Não aplicável,Agnição,Políticas,Desobediência,Não aplicável,Roma,41.9028° N,12.4964° E,Como sendo herético,Sagrado,Não aplicável,N,Não aplicável,Não aplicável,N,Não aplicável,Não aplicável,Literal,Não aplicável,142,
177,Textual,Crónicas e historiografia,IV.ª Crónica Breve,E o Papa lhe emviou huum cardeal,Papa,Ativo,Individual,Masc.,Humana,Corpo,Cabeça,Boca,Não aplicável,Enviar,Religiosas,Doutrinação,Não aplicável,Roma,41.9028° N,12.4964° E,Não aplicável,Sagrado,Afonso Henriques,Masc.,Não aplicável,Cardeal,Masc.,Não aplicável,Não aplicável,Literal,Não aplicável,142,
178,Textual,Crónicas e historiografia,IV.ª Crónica Breve,huum cardeal que lhe demostrasse a fe,Cardeal,Ativo,Individual,Masc.,Humana,Corpo,Cabeça,Boca,Não aplicável,Doutrinar,Religiosas,Doutrinação,Não aplicável,Portugal,41.9028° N,12.4964° E,Não aplicável,Sagrado,Afonso Henriques,Masc.,Não aplicável,Não aplicável,N,Não aplicável,Não aplicável,Literal,Não aplicável,142,
179,Textual,Crónicas e historiografia,IV.ª Crónica Breve,Aquestre cardeal veo per cassas dos Reus da Espanha,Cardeal,Ativo,Individual,Masc.,Humana,Corpo,Membros,Pernas,Não aplicável,Vir,Religiosas,Doutrinação,Não aplicável,Casas dos reis de Espanha,,,Não aplicável,Profano,Não aplicável,N,Não aplicável,Não aplicável,N,Não aplicável,Não aplicável,Literal,Não aplicável,142,
180,Textual,Crónicas e historiografia,IV.ª Crónica Breve,se lhe uos derdes aquy huum lugar em que seia fecto huum Mosteiro,Afonso Henriques,Ativo,Individual,Masc.,Humana,Corpo,Corpo,Corpo (integral),Não aplicável,Conceder,Religiosas,Devoção,Não aplicável,Serra Mendiga,39.6078° N,-8.7298° W,Construíndo um mosteiro,Sagrado,Bernardo de Claraval,Masc.,Da Ordem de São Bento,Não aplicável,N,Não aplicável,Não aplicável,Literal,Não aplicável,144,
181,Textual,Crónicas e historiografia,IV.ª Crónica Breve,creede bem…,Afonso Henriques,Ativo,Individual,Masc.,Humana,Corpo,Cabeça,Cérebro,Não aplicável,Prometer,Religiosas,Vontade divina,Não aplicável,Não aplicável,39.6078° N,-8.7298° W,Construíndo um mosteiro,Profano,Não aplicável,N,Não aplicável,Não aplicável,N,Não aplicável,Não aplicável,Literal,Não aplicável,144,
182,Textual,Crónicas e historiografia,IV.ª Crónica Breve,… que logo per mercee de Deus filharedes Santarem,Afonso Henriques,Ativo,Individual,Masc.,Humana,Corpo,Corpo,Corpo (integral),Não aplicável,Conquistar,Religiosas,Vontade divina,Logo,Santarém,39.2365° N, -8.6851° W,Por mercê de Deus,Profano,Não aplicável,N,Não aplicável,Não aplicável,N,Não aplicável,Não aplicável,Literal,Não aplicável,144,
183,Textual,Crónicas e historiografia,IV.ª Crónica Breve,Entonçes lhe disse ElRey,Afonso Henriques,Ativo,Individual,Masc.,Humana,Corpo,Cabeça,Boca,Não aplicável,Dizer,Religiosas,Ordem régia,Então,Serra Mendiga,39.6078° N,-8.7298° W,Não aplicável,Profano,Pedro Afonso,Masc.,Não aplicável,Não aplicável,N,Não aplicável,Não aplicável,Literal,Não aplicável,144,
184,Textual,Crónicas e historiografia,IV.ª Crónica Breve,escolhedeo uos dom Pedro Afomso meu Jrmaão honde teuerdes por bem,Pedro Afonso,Passivo,Individual,Masc.,Humana,Corpo,Cabeça,Cérebro,Irmão de Afonso Henriques,Escolher,Religiosas,Ordem régia,Não aplicável,Não aplicável,39.6078° N,-8.7298° W,Não aplicável,Profano,Não aplicável,N,Não aplicável,Não aplicável,N,Não aplicável,Não aplicável,Literal,Não aplicável,144,
185,Textual,Crónicas e historiografia,IV.ª Crónica Breve,E entom lhe disse dom Pedro Afomso,Pedro Afonso,Ativo,Individual,Masc.,Humana,Corpo,Cabeça,Boca,Não aplicável,Dizer,Religiosas,Conselho,Então,Serra Mendiga,39.6078° N,-8.7298° W,Não aplicável,Profano,Afonso Henriques,Masc.,Não aplicável,Não aplicável,N,Não aplicável,Não aplicável,Literal,Não aplicável,144,
186,Textual,Crónicas e historiografia,IV.ª Crónica Breve,dadelhe toda esta varzea como vay des Leirea vijndo pollo mar ataa qua,Afonso Henriques,Passivo,Individual,Masc.,Humana,Corpo,Corpo,Corpo (integral),Não aplicável,Conceder,Religiosas,Devoção,Não aplicável,Mosteiro de Alcobaça,39.5520° N, -8.9770° W,Construíndo um mosteiro,Sagrado,Bernardo de Claraval,Masc.,Não aplicável,Não aplicável,N,Não aplicável,Não aplicável,Literal,Não aplicável,144,
187,Textual,Crónicas e historiografia,IV.ª Crónica Breve,Emtom lhe disse ElRey,Afonso Henriques,Ativo,Individual,Masc.,Humana,Corpo,Cabeça,Boca,Não aplicável,Dizer,Religiosas,Conselho,Então,Serra Mendiga,39.6078° N,-8.7298° W,Não aplicável,Profano,Pedro Afonso,Masc.,Não aplicável,Não aplicável,N,Não aplicável,Não aplicável,Literal,Não aplicável,144,
188,Textual,Crónicas e historiografia,IV.ª Crónica Breve,muyto me praz em tall,Afonso Henriques,Ativo,Individual,Masc.,Humana,Corpo,Cabeça,Cérebro,Não aplicável,Aprazer,Religiosas,Conselho,Não aplicável,Serra Mendiga,39.6078° N,-8.7298° W,Não aplicável,Profano,Não aplicável,N,Não aplicável,Não aplicável,N,Não aplicável,Não aplicável,Literal,Não aplicável,144,
189,Textual,Crónicas e historiografia,IV.ª Crónica Breve,E eu Rogo a esse Sam Bernado…,Afonso Henriques,Ativo,Individual,Masc.,Humana,Corpo,Cabeça,Boca,Não aplicável,Pedir,Religiosas,Auxílio,Não aplicável,Serra Mendiga,39.6078° N,-8.7298° W,Não aplicável,Profano,Bernardo de Claraval,Masc.,Santo,Não aplicável,N,Não aplicável,Não aplicável,Literal,Não aplicável,144,
190,Textual,Crónicas e historiografia,IV.ª Crónica Breve,… que ell Rogue a Nosso Senhor Ihesu Christo,Bernardo de Claraval,Ativo,Individual,Masc.,Humana,Corpo,Cabeça,Boca,Santo,Rogar,Religiosas,Auxílio,Não aplicável,Serra Mendiga,39.6078° N,-8.7298° W,Não aplicável,Sagrado,Jesus Cristo,Masc.,Nosso Senhor,Não aplicável,N,Não aplicável,Não aplicável,Literal,Não aplicável,144,
191,Textual,Crónicas e historiografia,IV.ª Crónica Breve,que descaiam os imijgo da fe do poder que teeem,Mouros,Ativo,Coletivo,Mult.,Humana,Corpo,Corpo,Corpo (integral),Inimigos da Fé,Enfraquecer,Religiosas,Vontade divina,Hoje,Serra Mendiga,39.6078° N,-8.7298° W,Intervenção do santo,Profano,Não aplicável,N,Não aplicável,Não aplicável,N,Não aplicável,Não aplicável,Literal,Não aplicável,144,
192,Textual,Crónicas e historiografia,IV.ª Crónica Breve,E entom foromsse,Afonso Henriques; Pedro Afonso,Ativo,Coletivo,Masc.,Humana,Corpo,Membros,Pernas,Não aplicável,Ir,Políticas,Conquista,Então,Santarém,39.2365° N, -8.6851° W,Não aplicável,Profano,Não aplicável,N,Não aplicável,Não aplicável,N,Não aplicável,Não aplicável,Literal,Não aplicável,144,
193,Textual,Crónicas e historiografia,IV.ª Crónica Breve,Ssam Bernardo que o soube pollo Esprito Santo,Bernardo de Claraval,Ativo,Individual,Masc.,Humana,Corpo,Cabeça,Cérebro,Não aplicável,Saber,Religiosas,Santidade,Nesse dia,Claraval,46.7689° N,3.6956° E,Ação do Espírito Santo,Sagrado,Não aplicável,N,Não aplicável,Não aplicável,N,Não aplicável,Não aplicável,Literal,Miraculoso,144,
194,Textual,Crónicas e historiografia,IV.ª Crónica Breve,filharom a uila de Santarem,Afonso Henriques; Pedro Afonso,Ativo,Coletivo,Masc.,Humana,Corpo,Corpo,Corpo (integral),Não aplicável,Apropriar,Políticas,Vontade divina,Nesse dia,Santarém,39.2365° N, -8.6851° W,Intervenção do santo,Profano,Mouros,Mult.,Não aplicável,Não aplicável,N,Não aplicável,Não aplicável,Literal,Não aplicável,144,
195,Textual,Crónicas e historiografia,IV.ª Crónica Breve,E da tornada fez ElRey Dom Affomso o Mosteiro dAlcobaça,Afonso Henriques,Ativo,Individual,Masc.,Humana,Corpo,Corpo,Corpo (integral),Não aplicável,Fundar,Religiosas,Gratidão,1190 da Era,Alcobaça,39.5514° N, -8.9770° W,Não aplicável,Sagrado,Não aplicável,N,Não aplicável,Não aplicável,N,Não aplicável,Não aplicável,Literal,Não aplicável,144,
196,Textual,Crónicas e historiografia,IV.ª Crónica Breve,E ofereçeo a Sam Bernardo,Afonso Henriques,Ativo,Individual,Masc.,Humana,Corpo,Corpo,Corpo (integral),Não aplicável,Dedicar,Religiosas,Gratidão,Não aplicável,Alcobaça,39.5514° N, -8.9770° W,Não aplicável,Sagrado,Bernardo de Claraval,Masc.,Abade de Claraval,Não aplicável,N,Não aplicável,Não aplicável,Literal,Não aplicável,144,
197,Textual,Crónicas e historiografia,IV.ª Crónica Breve,E este Rey filhou Lixboa,Afonso Henriques,Ativo,Individual,Masc.,Humana,Corpo,Corpo,Corpo (integral),Não aplicável,Conquistar,Políticas,Conquista,Não aplicável,Lisboa,38.7167° N,-9.1333° W,Não aplicável,Profano,Mouros,Mult.,Não aplicável,Não aplicável,N,Não aplicável,Não aplicável,Literal,Não aplicável,144,
198,Textual,Crónicas e historiografia,IV.ª Crónica Breve,E adusse o corpo de Sam Vicente martir,Afonso Henriques,Ativo,Individual,Masc.,Humana,Corpo,Corpo,Corpo (integral),Não aplicável,Trasladar,Religiosas,Devoção,Depois de conquistar a cidade,Lisboa,38.7167° N,-9.1333° W,Não aplicável,Sagrado,Cadáver de São Vicente,Masc.,Mártir,Não aplicável,N,Não aplicável,Não aplicável,Literal,Não aplicável,144,
199,Textual,Crónicas e historiografia,IV.ª Crónica Breve,E fez hi huum Mosteiro muy Rico aa sua custa. Ou chamom Sam Vicente de Fora,Afonso Henriques,Ativo,Individual,Masc.,Humana,Corpo,Corpo,Corpo (integral),Não aplicável,Fundar,Religiosas,Devoção,Depois de conquistar a cidade,Lisboa,38.7167° N,-9.1333° W,À sua custa,Sagrado,Não aplicável,N,Não aplicável,Não aplicável,N,Não aplicável,Não aplicável,Literal,Não aplicável,144,
200,Textual,Crónicas e historiografia,IV.ª Crónica Breve,Este Rey filhou Euora a mouros,Afonso Henriques,Ativo,Individual,Masc.,Humana,Corpo,Corpo,Corpo (integral),Não aplicável,Conquistar,Políticas,Conquista,Não aplicável,Évora,38.5714° N,-7.9097° W,Não aplicável,Profano,Mouros,Mult.,Não aplicável,Não aplicável,N,Não aplicável,Não aplicável,Literal,Não aplicável,144,
201,Textual,Crónicas e historiografia,IV.ª Crónica Breve,E fez a sse do dicto logo,Afonso Henriques,Ativo,Individual,Masc.,Humana,Corpo,Corpo,Corpo (integral),Não aplicável,Fundar,Religiosas,Devoção,Logo,Évora,38.5714° N,-7.9097° W,Não aplicável,Sagrado,Não aplicável,N,Não aplicável,Não aplicável,N,Não aplicável,Não aplicável,Literal,Não aplicável,144,
202,Textual,Crónicas e historiografia,IV.ª Crónica Breve,E deu ao espritall de Jerusalen que he em Euora oiteenta uezes mjll marauidijs em ouro,Afonso Henriques,Ativo,Individual,Masc.,Humana,Corpo,Membros,Mãos,Não aplicável,Doar,Religiosas,Devoção,Não aplicável,Évora,38.5714° N,-7.9097° W,Não aplicável,Sagrado,Espiritual de Jerusalém,Masc.,Não aplicável,Não aplicável,N,Não aplicável,Oitenta mil maravedis de ouro,Literal,Não aplicável,144,
203,Textual,Crónicas e historiografia,IV.ª Crónica Breve,pera comprarem Erdades,Espiritual de Jerusalém,Ativo,Individual,Masc.,Humana,Corpo,Membros,Mãos,Não aplicável,Comprar,Religiosas,Sustento,Não aplicável,Évora,38.5714° N,-7.9097° W,Com o dinheiro dado pelo rei,Profano,Não aplicável,N,Não aplicável,Não aplicável,N,Não aplicável,Oitenta mil maravedis de ouro,Literal,Não aplicável,144,
204,Textual,Crónicas e historiografia,IV.ª Crónica Breve,E que dessem aos emfermos da emfermaria ca dia por pitança senhos pae?s queentes de trigo E senhos Vassos de boo ujnho,Espiritual de Jerusalém,Ativo,Individual,Masc.,Humana,Corpo,Membros,Mãos,Não aplicável,Oferendar,Religiosas,Caridade,Cada dia,Évora,38.5714° N,-7.9097° W,Com o dinheiro dado pelo rei,Sagrado,Enfermos,Mult.,Não aplicável,Não aplicável,N,Não aplicável,Pães de trigo; vasos de vinho,Literal,Não aplicável,144,
205,Textual,Crónicas e historiografia,IV.ª Crónica Breve,E que o emcomendassem em cada huum dia em oraçam,Espiritual de Jerusalém,Ativo,Individual,Masc.,Humana,Corpo,Cabeça,Boca,Não aplicável,Orar,Religiosas,Devoção,Cada dia,Évora,38.5714° N,-7.9097° W,Orando,Sagrado,Não aplicável,N,Não aplicável,Não aplicável,N,Não aplicável,Não aplicável,Literal,Não aplicável,144,
206,Textual,Crónicas e historiografia,IV.ª Crónica Breve,asi tornou despois pela graça de Deus a sseer muyto a seruiço de Deus,Afonso Henriques,Ativo,Individual,Masc.,Humana,Corpo,Corpo,Corpo (integral),Não aplicável,Devotar,Religiosas,Devoção,Depois,Não aplicável,,,Pela graça de Deus,Sagrado,Deus,Masc.,Não aplicável,Não aplicável,N,Não aplicável,Não aplicável,Literal,Não aplicável,144,
207,Textual,Crónicas e historiografia,IV.ª Crónica Breve,quando Era mançebo nom conhiçia tanto Deus,Afonso Henriques,Ativo,Individual,Masc.,Humana,Corpo,Cabeça,Cérebro,Mancebo,Devotar,Religiosas,Desconhecimento,Mancebia de Afonso,Não aplicável,,,Pouco,Profano,Deus,Masc.,Não aplicável,Não aplicável,N,Não aplicável,Não aplicável,Literal,Não aplicável,144,
208,Textual,Epistolografia,Carta de Bruges,Senhor! nao deueis esqueçer a muyto prinçipal parte da spiritualidade que são os religiosos,Dom Duarte,Ativo,Individual,Masc.,Humana,Corpo,Cabeça,Cérebro,Não aplicável,Lembrar,Espirituais,Governação,Não aplicável,Não aplicável,,,Não aplicável,Sagrado,Não aplicável,N,Não aplicável,Religiosos,Mult.,Parte importante da espiritualidade,Não aplicável,Literal,Não aplicável,11,
